zone,left_ratio,middle_ratio,right_ratio,timestamp
LEFT,0.8845,0.0,0.4021,23:47:33
LEFT,0.8281,0.0,0.3405,23:47:33
LEFT,0.8026,0.0,0.3971,23:47:33
LEFT,0.8745,0.0,0.4172,23:47:33
LEFT,0.9233,0.0,0.5116,23:47:34
LEFT,0.8744,0.0,0.5348,23:47:34
LEFT,0.8744,0.0,0.4737,23:47:34
LEFT,0.8957,0.0,0.4737,23:47:34
LEFT,0.8957,0.0,0.484,23:47:34
LEFT,0.8766,0.0,0.484,23:47:34
LEFT,0.8638,0.0,0.6278,23:47:35
LEFT,0.8844,0.0,0.5735,23:47:35
LEFT,0.9006,0.0,0.6326,23:47:35
LEFT,0.8202,0.0,0.6268,23:47:35
LEFT,0.7384,0.0,0.5774,23:47:35
LEFT,0.5576,0.0,0.7153,23:47:36
LEFT,0.2409,0.0,0.7265,23:47:36
LEFT,0.2904,0.0,0.771,23:47:36
LEFT,0.2757,0.0,0.7259,23:47:36
LEFT,0.4889,0.0,0.6824,23:47:36
LEFT,0.5059,0.0,0.6824,23:47:37
LEFT,0.5059,0.0,0.5634,23:47:37
LEFT,0.5034,0.0,0.5634,23:47:37
LEFT,0.5034,0.0,0.6061,23:47:37
LEFT,0.4526,0.0,0.6061,23:47:37
LEFT,0.4526,0.0,0.5604,23:47:37
LEFT,0.7933,0.0,0.5604,23:47:37
LEFT,0.7933,0.0,0.4583,23:47:37
LEFT,0.7285,0.0,0.4583,23:47:37
LEFT,0.7285,0.0,0.3546,23:47:37
LEFT,0.6785,0.0,0.3546,23:47:38
LEFT,0.6785,0.0,0.3251,23:47:38
LEFT,0.6785,0.0,0.2818,23:47:38
LEFT,0.7338,0.0,0.2818,23:47:38
LEFT,0.7338,0.0,0.2716,23:47:38
LEFT,0.6939,0.0,0.2716,23:47:38
LEFT,0.6939,0.0,0.2919,23:47:38
LEFT,0.7309,0.0,0.2919,23:47:38
LEFT,0.7309,0.0,0.3162,23:47:38
LEFT,0.651,0.0,0.3162,23:47:39
LEFT,0.651,0.0,0.2987,23:47:39
LEFT,0.6288,0.0,0.3498,23:47:39
LEFT,0.2945,0.0,0.4011,23:47:39
LEFT,0.2842,0.0,0.4419,23:47:39
LEFT,0.3219,0.0,0.4374,23:47:39
LEFT,0.3272,0.0,0.4374,23:47:40
LEFT,0.3272,0.0,0.4448,23:47:40
LEFT,0.3072,0.0,0.4448,23:47:40
LEFT,0.3072,0.0,0.4384,23:47:40
LEFT,0.2623,0.0,0.4799,23:47:40
LEFT,0.5105,0.0,0.4656,23:47:40
LEFT,0.4846,0.0,0.4607,23:47:40
LEFT,0.7789,0.0,0.4607,23:47:41
LEFT,0.7789,0.0,0.4562,23:47:41
LEFT,0.8933,0.0,0.4064,23:47:41
LEFT,0.8404,0.0,0.401,23:47:41
LEFT,0.8078,0.0,0.401,23:47:41
LEFT,0.8078,0.0,0.4284,23:47:41
LEFT,0.769,0.0,0.4284,23:47:41
LEFT,1.0524,0.0,0.4561,23:47:42
LEFT,1.0129,0.0,0.4561,23:47:42
LEFT,1.0129,0.0,0.5272,23:47:42
LEFT,1.0449,0.0,0.5272,23:47:42
LEFT,1.0449,0.0,0.4307,23:47:42
LEFT,1.0037,0.0,0.4307,23:47:42
LEFT,1.0037,0.0,0.3845,23:47:42
LEFT,1.067,0.0,0.3845,23:47:42
LEFT,1.067,0.0,0.4031,23:47:42
LEFT,1.1035,0.0,0.4031,23:47:43
LEFT,1.1035,0.0,0.4268,23:47:43
LEFT,1.1035,0.0,0.4641,23:47:43
LEFT,1.143,0.0,0.4641,23:47:43
LEFT,1.143,0.0,0.435,23:47:43
LEFT,1.1222,0.0,0.435,23:47:43
LEFT,1.1222,0.0,0.5243,23:47:43
LEFT,0.8887,0.0,0.5243,23:47:43
LEFT,0.8887,0.0,0.4727,23:47:43
LEFT,0.872,0.0,0.4727,23:47:44
LEFT,0.872,0.0,0.612,23:47:44
LEFT,0.9019,0.0,0.612,23:47:44
LEFT,0.9019,0.0,0.6021,23:47:44
LEFT,0.8973,0.0,0.6021,23:47:44
LEFT,0.8973,0.0,0.5977,23:47:44
LEFT,0.6558,0.0,0.5977,23:47:44
LEFT,0.6558,0.0,0.502,23:47:44
LEFT,0.5769,0.0,0.502,23:47:44
LEFT,0.5769,0.0,0.4871,23:47:44
LEFT,0.7742,0.0,0.4871,23:47:45
LEFT,0.7742,0.0,0.5139,23:47:45
LEFT,0.9425,0.0,0.5139,23:47:45
LEFT,0.9425,0.0,0.5429,23:47:45
LEFT,0.9123,0.0,0.5429,23:47:45
LEFT,0.845,0.0,0.5429,23:47:45
LEFT,0.845,0.0,0.5735,23:47:45
LEFT,0.7976,0.0,0.5735,23:47:45
LEFT,0.7976,0.0,0.4709,23:47:46
LEFT,0.7431,0.0,0.4709,23:47:46
LEFT,0.7431,0.0,0.4314,23:47:46
LEFT,0.6875,0.0,0.4314,23:47:46
LEFT,0.6875,0.0,0.3859,23:47:46
LEFT,0.7159,0.0,0.3859,23:47:46
LEFT,0.7159,0.0,0.3049,23:47:46
LEFT,0.6508,0.0,0.3049,23:47:46
LEFT,0.6508,0.0,0.2948,23:47:46
LEFT,0.6601,0.0,0.2948,23:47:46
LEFT,0.6601,0.0,0.3136,23:47:47
LEFT,0.7951,0.0,0.3136,23:47:47
LEFT,0.7951,0.0,0.4001,23:47:47
LEFT,0.8187,0.0,0.4001,23:47:47
LEFT,0.8187,0.0,0.4067,23:47:47
LEFT,0.8691,0.0,0.4067,23:47:47
LEFT,0.8691,0.0,0.4738,23:47:47
LEFT,0.9419,0.0,0.4738,23:47:47
LEFT,0.9419,0.0,0.555,23:47:47
LEFT,0.9852,0.0,0.555,23:47:47
LEFT,0.9852,0.0,0.5467,23:47:48
LEFT,1.0265,0.0,0.5467,23:47:48
LEFT,1.0265,0.0,0.5743,23:47:48
LEFT,0.9465,0.0,0.5743,23:47:48
LEFT,1.2436,0.0,0.5697,23:47:48
LEFT,1.2436,0.0,0.5914,23:47:48
LEFT,1.0373,0.0,0.5914,23:47:48
LEFT,0.9966,0.0,0.4755,23:47:48
LEFT,0.6752,0.0,0.5112,23:47:49
LEFT,0.876,0.0,0.4255,23:47:49
LEFT,0.876,0.0,0.3089,23:47:49
LEFT,1.0095,0.0,0.3089,23:47:49
LEFT,1.0095,0.0,0.2491,23:47:49
LEFT,0.9648,0.0,0.2491,23:47:49
LEFT,0.9648,0.0,0.3113,23:47:49
LEFT,0.884,0.0,0.3113,23:47:50
LEFT,0.7831,0.0,0.289,23:47:50
LEFT,1.0054,0.0,0.2609,23:47:50
LEFT,1.0915,0.0,0.272,23:47:50
LEFT,1.1445,0.0,0.321,23:47:50
LEFT,1.1077,0.0,0.3476,23:47:51
LEFT,1.0064,0.0,0.4453,23:47:51
LEFT,1.1895,0.0,0.4616,23:47:51
LEFT,1.1666,0.0,0.4082,23:47:51
LEFT,1.1677,0.0,0.4661,23:47:51
LEFT,0.8643,0.0,0.4661,23:47:52
LEFT,0.8643,0.0,0.4807,23:47:52
LEFT,0.6565,0.0,0.4807,23:47:52
LEFT,0.6565,0.0,0.5338,23:47:52
LEFT,0.6641,0.0,0.5338,23:47:52
LEFT,0.6641,0.0,0.4665,23:47:52
LEFT,0.6846,0.0,0.6073,23:47:52
LEFT,0.6076,0.0,0.5863,23:47:52
LEFT,0.2539,0.0,0.5974,23:47:53
LEFT,0.4675,0.0,0.5714,23:47:53
LEFT,0.4222,0.0,0.5677,23:47:53
LEFT,0.4097,0.0,0.6372,23:47:53
LEFT,0.4212,0.0,0.7766,23:47:53
LEFT,0.6204,0.0,0.8318,23:47:54
LEFT,0.6288,0.0,0.7586,23:47:54
LEFT,0.8447,0.0,0.7586,23:47:54
LEFT,0.8447,0.0,0.7243,23:47:54
LEFT,0.8402,0.0,0.7243,23:47:54
LEFT,0.8402,0.0,0.6426,23:47:54
LEFT,0.8492,0.0,0.6426,23:47:54
LEFT,0.8492,0.0,0.5979,23:47:55
LEFT,0.827,0.0,0.5979,23:47:55
LEFT,0.827,0.0,0.494,23:47:55
LEFT,0.9714,0.0,0.494,23:47:55
LEFT,0.9714,0.0,0.4057,23:47:55
LEFT,1.1333,0.0,0.4057,23:47:55
LEFT,1.1333,0.0,0.3787,23:47:55
LEFT,1.1093,0.0,0.3787,23:47:55
LEFT,1.1093,0.0,0.3522,23:47:55
LEFT,1.1449,0.0,0.3458,23:47:56
LEFT,0.9477,0.0,0.3458,23:47:56
LEFT,0.9477,0.0,0.4009,23:47:56
LEFT,1.0673,0.0,0.4009,23:47:56
LEFT,1.0673,0.0,0.374,23:47:56
LEFT,0.9676,0.0,0.4794,23:47:56
LEFT,1.0104,0.0,0.4732,23:47:56
LEFT,1.051,0.0,0.4732,23:47:57
LEFT,1.051,0.0,0.4675,23:47:57
LEFT,0.9037,0.0,0.4675,23:47:57
LEFT,0.9037,0.0,0.4404,23:47:57
LEFT,0.9478,0.0,0.4404,23:47:57
LEFT,0.9478,0.0,0.4153,23:47:57
LEFT,0.9389,0.0,0.4153,23:47:57
LEFT,0.9389,0.0,0.3989,23:47:57
LEFT,0.8975,0.0,0.3989,23:47:57
LEFT,0.8975,0.0,0.5269,23:47:57
LEFT,0.7781,0.0,0.5269,23:47:58
LEFT,0.7781,0.0,0.5756,23:47:58
LEFT,0.7781,0.0,0.6733,23:47:58
LEFT,0.4892,0.0,0.6733,23:47:58
LEFT,0.4892,0.0,0.818,23:47:58
LEFT,0.6321,0.0,0.818,23:47:58
LEFT,0.6321,0.0,0.9665,23:47:58
LEFT,0.705,0.0,0.9665,23:47:58
LEFT,0.705,0.0,0.995,23:47:58
LEFT,0.7454,0.0,0.995,23:47:59
LEFT,0.7454,0.0,0.9897,23:47:59
LEFT,1.0361,0.0,0.9897,23:47:59
LEFT,1.0361,0.0,1.0846,23:47:59
LEFT,1.0116,0.0,1.0846,23:47:59
MIDDLE,0.1518,0.0,0.5992,23:48:14
MIDDLE,0.1348,0.0,0.5942,23:48:14
MIDDLE,0.1206,0.0,0.4943,23:48:14
MIDDLE,0.1142,0.0,0.504,23:48:15
MIDDLE,0.0962,0.0,0.5373,23:48:15
MIDDLE,0.1034,0.0,0.5371,23:48:15
MIDDLE,0.1424,0.0,0.4313,23:48:15
MIDDLE,0.1543,0.0,0.3872,23:48:15
MIDDLE,0.1598,0.0,0.4238,23:48:16
MIDDLE,0.2007,0.0,0.3038,23:48:16
MIDDLE,0.236,0.0,0.3038,23:48:16
MIDDLE,0.236,0.0,0.2969,23:48:16
MIDDLE,0.6025,0.0,0.2969,23:48:16
MIDDLE,0.6025,0.0,0.4351,23:48:16
MIDDLE,0.8993,0.0,0.4351,23:48:16
MIDDLE,0.8993,0.0,0.496,23:48:17
MIDDLE,1.0096,0.0,0.496,23:48:17
MIDDLE,1.0096,0.0,0.4905,23:48:17
MIDDLE,1.1411,0.0,0.4971,23:48:17
MIDDLE,1.1577,0.0,0.4971,23:48:17
MIDDLE,1.1577,0.0,0.4387,23:48:17
MIDDLE,1.1646,0.0,0.431,23:48:17
MIDDLE,1.1708,0.0,0.431,23:48:18
MIDDLE,1.1708,0.0,0.3923,23:48:18
MIDDLE,1.1708,0.0,0.3187,23:48:18
MIDDLE,1.1495,0.0,0.3331,23:48:18
MIDDLE,1.1796,0.0,0.3891,23:48:18
MIDDLE,1.0559,0.0,0.3978,23:48:18
MIDDLE,1.0452,0.0,0.358,23:48:19
MIDDLE,1.0477,0.0,0.3662,23:48:19
MIDDLE,1.4298,0.0,0.3662,23:48:19
MIDDLE,1.2897,0.0,0.3474,23:48:19
MIDDLE,1.2796,0.0,0.3474,23:48:19
MIDDLE,1.2796,0.0,0.3441,23:48:19
MIDDLE,1.3976,0.0,0.3441,23:48:19
MIDDLE,1.3976,0.0,0.3302,23:48:20
MIDDLE,1.478,0.0,0.3302,23:48:20
MIDDLE,1.478,0.0,0.353,23:48:20
MIDDLE,1.5026,0.0,0.3207,23:48:20
MIDDLE,1.5634,0.0,0.3207,23:48:20
MIDDLE,1.5387,0.0,0.3207,23:48:20
MIDDLE,1.5387,0.0,0.3953,23:48:20
MIDDLE,1.069,0.0,0.3874,23:48:20
MIDDLE,0.8644,0.0,0.3871,23:48:21
MIDDLE,0.4727,0.0,0.3409,23:48:21
MIDDLE,0.6526,0.0,0.3409,23:48:21
MIDDLE,0.6526,0.0,0.339,23:48:21
MIDDLE,0.864,0.0,0.2957,23:48:21
MIDDLE,0.841,0.0,0.2957,23:48:21
MIDDLE,0.841,0.0,0.2584,23:48:22
MIDDLE,0.8666,0.0,0.303,23:48:22
MIDDLE,0.8769,0.0,0.3059,23:48:22
MIDDLE,0.9585,0.0,0.3634,23:48:22
MIDDLE,0.9661,0.0,0.3829,23:48:22
MIDDLE,0.947,0.0,0.4345,23:48:23
MIDDLE,0.947,0.0,0.4206,23:48:23
MIDDLE,0.9302,0.0,0.3789,23:48:23
MIDDLE,0.7696,0.0,0.4557,23:48:23
MIDDLE,0.9636,0.0,0.5222,23:48:23
MIDDLE,1.1314,0.0,0.5543,23:48:24
MIDDLE,1.0367,0.0,0.5781,23:48:24
MIDDLE,0.9212,0.0,0.6924,23:48:24
MIDDLE,0.9243,0.0,0.6864,23:48:24
MIDDLE,0.992,0.0,0.6884,23:48:24
MIDDLE,1.0161,0.0,0.6391,23:48:25
MIDDLE,1.0692,0.0,0.5802,23:48:25
MIDDLE,0.9366,0.0,0.5802,23:48:25
MIDDLE,0.8348,0.0,0.4953,23:48:25
MIDDLE,1.034,0.0,0.4953,23:48:25
MIDDLE,1.034,0.0,0.5447,23:48:26
MIDDLE,1.3833,0.0,0.5447,23:48:26
MIDDLE,1.3833,0.0,0.4049,23:48:26
MIDDLE,1.3951,0.0,0.3786,23:48:26
MIDDLE,1.3768,0.0,0.3786,23:48:26
MIDDLE,1.3768,0.0,0.3742,23:48:26
MIDDLE,1.4756,0.0,0.3742,23:48:26
MIDDLE,1.4756,0.0,0.3832,23:48:26
MIDDLE,1.4478,0.0,0.3832,23:48:26
MIDDLE,1.4478,0.0,0.4765,23:48:27
MIDDLE,1.3439,0.0,0.4765,23:48:27
MIDDLE,1.3439,0.0,0.4841,23:48:27
MIDDLE,1.1807,0.0,0.4841,23:48:27
MIDDLE,1.1807,0.0,0.513,23:48:27
MIDDLE,0.9482,0.0,0.513,23:48:27
MIDDLE,0.9482,0.0,0.5361,23:48:27
MIDDLE,0.9234,0.0,0.5361,23:48:27
MIDDLE,0.9234,0.0,0.4134,23:48:27
MIDDLE,0.986,0.0,0.4134,23:48:27
MIDDLE,0.986,0.0,0.3819,23:48:28
MIDDLE,1.0064,0.0,0.3819,23:48:28
MIDDLE,1.0064,0.0,0.3333,23:48:28
MIDDLE,1.0206,0.0,0.3333,23:48:28
MIDDLE,1.0206,0.0,0.3079,23:48:28
MIDDLE,1.0421,0.0,0.3079,23:48:28
MIDDLE,1.0421,0.0,0.2734,23:48:28
MIDDLE,1.0455,0.0,0.2734,23:48:28
MIDDLE,1.0455,0.0,0.2282,23:48:28
MIDDLE,0.9873,0.0,0.2282,23:48:28
MIDDLE,1.0674,0.0,0.2441,23:48:29
MIDDLE,1.0674,0.0,0.2606,23:48:29
MIDDLE,0.9318,0.0,0.2606,23:48:29
MIDDLE,0.9318,0.0,0.2527,23:48:29
MIDDLE,0.9685,0.0,0.2527,23:48:29
MIDDLE,0.9685,0.0,0.2861,23:48:29
MIDDLE,0.9052,0.0,0.2861,23:48:29
MIDDLE,0.9052,0.0,0.2708,23:48:29
MIDDLE,0.8226,0.0,0.2708,23:48:30
MIDDLE,0.8226,0.0,0.3112,23:48:30
MIDDLE,0.847,0.0,0.3112,23:48:30
MIDDLE,0.847,0.0,0.3967,23:48:30
MIDDLE,0.9932,0.0,0.3967,23:48:30
MIDDLE,0.9932,0.0,0.5067,23:48:30
MIDDLE,0.9616,0.0,0.5067,23:48:30
MIDDLE,0.9616,0.0,0.4902,23:48:30
MIDDLE,0.9169,0.0,0.4902,23:48:30
MIDDLE,0.9169,0.0,0.5369,23:48:30
MIDDLE,1.0995,0.0,0.5369,23:48:31
MIDDLE,1.0995,0.0,0.5369,23:48:31
MIDDLE,1.2497,0.0,0.5369,23:48:31
MIDDLE,1.2497,0.0,0.4886,23:48:31
MIDDLE,1.2118,0.0,0.4886,23:48:31
MIDDLE,1.2118,0.0,0.5411,23:48:31
MIDDLE,1.2297,0.0,0.5411,23:48:31
MIDDLE,1.2297,0.0,0.5618,23:48:31
MIDDLE,1.0787,0.0,0.5618,23:48:31
MIDDLE,1.0303,0.0,0.4999,23:48:32
MIDDLE,0.9764,0.0,0.4499,23:48:32
MIDDLE,0.9243,0.0,0.4425,23:48:32
MIDDLE,0.8644,0.0,0.3662,23:48:32
MIDDLE,0.7721,0.0,0.3662,23:48:32
MIDDLE,0.7721,0.0,0.3176,23:48:32
MIDDLE,0.7764,0.0,0.3822,23:48:33
MIDDLE,0.8242,0.0,0.4631,23:48:33
MIDDLE,0.9288,0.0,0.4729,23:48:33
MIDDLE,0.8889,0.0,0.6132,23:48:33
MIDDLE,0.9285,0.0,0.6263,23:48:34
MIDDLE,0.9869,0.0,0.5408,23:48:34
MIDDLE,0.9172,0.0,0.8153,23:48:34
MIDDLE,0.7883,0.0,0.7202,23:48:34
MIDDLE,0.9281,0.0,0.6115,23:48:34
MIDDLE,0.9472,0.0,0.6115,23:48:35
MIDDLE,0.9472,0.0,0.6135,23:48:35
MIDDLE,0.8392,0.0,0.6135,23:48:35
MIDDLE,0.8392,0.0,0.6221,23:48:35
MIDDLE,0.8352,0.0,0.6641,23:48:35
MIDDLE,0.9105,0.0,0.6641,23:48:35
MIDDLE,0.9105,0.0,0.6663,23:48:35
MIDDLE,0.7016,0.0,0.6663,23:48:35
MIDDLE,0.7016,0.0,0.5434,23:48:36
MIDDLE,0.7461,0.0,0.5434,23:48:36
MIDDLE,0.7461,0.0,0.4041,23:48:36
MIDDLE,0.7687,0.0,0.3764,23:48:36
MIDDLE,0.728,0.0,0.4012,23:48:36
MIDDLE,0.7692,0.0,0.4341,23:48:36
MIDDLE,0.8077,0.0,0.4341,23:48:37
MIDDLE,0.8077,0.0,0.4741,23:48:37
MIDDLE,0.9159,0.0,0.4741,23:48:37
MIDDLE,0.9159,0.0,0.418,23:48:37
MIDDLE,0.7603,0.0,0.418,23:48:37
MIDDLE,0.7603,0.0,0.3759,23:48:37
MIDDLE,0.7461,0.0,0.3759,23:48:37
MIDDLE,0.7461,0.0,0.4037,23:48:37
MIDDLE,0.4103,0.0,0.4568,23:48:37
MIDDLE,0.3475,0.0,0.5129,23:48:38
MIDDLE,0.3958,0.0,0.5129,23:48:38
MIDDLE,0.3958,0.0,0.5269,23:48:38
MIDDLE,0.7373,0.0,0.5269,23:48:38
MIDDLE,0.7373,0.0,0.5945,23:48:38
MIDDLE,0.7215,0.0,0.5945,23:48:38
MIDDLE,0.7215,0.0,0.4156,23:48:38
MIDDLE,0.5553,0.0,0.4156,23:48:38
MIDDLE,0.5553,0.0,0.3686,23:48:39
MIDDLE,0.7402,0.0,0.3686,23:48:39
MIDDLE,0.7402,0.0,0.3208,23:48:39
MIDDLE,0.7183,0.0,0.3208,23:48:39
MIDDLE,0.7183,0.0,0.3505,23:48:39
MIDDLE,0.7039,0.0,0.3505,23:48:39
MIDDLE,0.7039,0.0,0.3456,23:48:39
MIDDLE,0.7995,0.0,0.3456,23:48:39
MIDDLE,0.7995,0.0,0.3241,23:48:39
MIDDLE,0.8732,0.0,0.3241,23:48:40
MIDDLE,0.8732,0.0,0.3114,23:48:40
MIDDLE,0.8058,0.0,0.3114,23:48:40
MIDDLE,0.8058,0.0,0.3075,23:48:40
MIDDLE,0.9037,0.0,0.3075,23:48:40
MIDDLE,0.936,0.0,0.3075,23:48:40
MIDDLE,0.9844,0.0,0.3601,23:48:40
MIDDLE,0.9844,0.0,0.4032,23:48:41
MIDDLE,1.089,0.0,0.4032,23:48:41
MIDDLE,1.089,0.0,0.504,23:48:41
MIDDLE,1.0445,0.0,0.504,23:48:41
MIDDLE,1.0445,0.0,0.4944,23:48:41
MIDDLE,0.8637,0.0,0.4944,23:48:41
MIDDLE,0.8637,0.0,0.3876,23:48:41
MIDDLE,0.628,0.0,0.3876,23:48:41
MIDDLE,0.628,0.0,0.3683,23:48:41
MIDDLE,0.7755,0.0,0.3683,23:48:41
MIDDLE,0.8134,0.0,0.5534,23:48:42
MIDDLE,0.8402,0.0,0.4517,23:48:42
MIDDLE,0.7451,0.0,0.5144,23:48:42
RIGHT,0.8801,0.0,0.5911,23:48:57
RIGHT,1.0014,0.0,0.5854,23:48:57
RIGHT,0.9733,0.0,0.5382,23:48:58
RIGHT,0.9879,0.0,0.5587,23:48:58
RIGHT,0.9905,0.0,0.5218,23:48:58
RIGHT,0.9585,0.0,0.6147,23:48:58
RIGHT,1.034,0.0,0.6143,23:48:58
RIGHT,1.0531,0.0,0.6107,23:48:59
RIGHT,1.0786,0.0,0.5691,23:48:59
RIGHT,0.975,0.0,0.5479,23:48:59
RIGHT,0.966,0.0,0.5016,23:48:59
RIGHT,0.9468,0.0,0.5155,23:48:59
RIGHT,0.9398,0.0,0.5236,23:49:00
RIGHT,0.8524,0.0,0.5236,23:49:00
RIGHT,0.8524,0.0,0.5686,23:49:00
RIGHT,0.9248,0.0,0.5686,23:49:00
RIGHT,0.9248,0.0,0.4953,23:49:00
RIGHT,0.8325,0.0,0.4953,23:49:00
RIGHT,0.8325,0.0,0.5284,23:49:00
RIGHT,0.8053,0.0,0.5217,23:49:01
RIGHT,0.7188,0.0,0.5515,23:49:01
RIGHT,0.7062,0.0,0.4713,23:49:01
RIGHT,0.7524,0.0,0.5129,23:49:01
RIGHT,0.7832,0.0,0.4774,23:49:01
RIGHT,0.8202,0.0,0.4701,23:49:02
RIGHT,1.0065,0.0,0.4559,23:49:02
RIGHT,1.0301,0.0,0.3821,23:49:02
RIGHT,0.8428,0.0,0.3405,23:49:02
RIGHT,0.7888,0.0,0.23,23:49:02
RIGHT,0.6309,0.0,0.26,23:49:03
RIGHT,0.6309,0.0,0.2905,23:49:03
RIGHT,0.9005,0.0,0.2987,23:49:03
RIGHT,1.0006,0.0,0.2657,23:49:03
RIGHT,0.9939,0.0,0.3316,23:49:03
RIGHT,0.9276,0.0,0.3512,23:49:04
RIGHT,0.9276,0.0,0.3916,23:49:04
RIGHT,0.8443,0.0,0.3916,23:49:04
RIGHT,0.7346,0.0,0.3939,23:49:04
RIGHT,0.7346,0.0,0.3328,23:49:04
RIGHT,0.7487,0.0,0.3328,23:49:04
RIGHT,0.5485,0.0,0.4513,23:49:05
RIGHT,0.6864,0.0,0.4761,23:49:05
RIGHT,0.7517,0.0,0.4906,23:49:05
RIGHT,0.6417,0.0,0.4906,23:49:05
RIGHT,0.8002,0.0,0.4261,23:49:05
RIGHT,0.8506,0.0,0.4137,23:49:06
RIGHT,0.8487,0.0,0.3768,23:49:06
RIGHT,0.8159,0.0,0.4484,23:49:06
RIGHT,0.7593,0.0,0.4884,23:49:06
RIGHT,0.7255,0.0,0.4371,23:49:06
RIGHT,0.7555,0.0,0.4046,23:49:07
RIGHT,0.8777,0.0,0.3075,23:49:07
RIGHT,0.807,0.0,0.3141,23:49:07
RIGHT,0.9089,0.0,0.315,23:49:07
RIGHT,0.8962,0.0,0.3554,23:49:07
RIGHT,0.8798,0.0,0.3588,23:49:08
RIGHT,0.8798,0.0,0.2925,23:49:08
RIGHT,0.9177,0.0,0.2925,23:49:08
RIGHT,0.9177,0.0,0.3002,23:49:08
RIGHT,0.9364,0.0,0.3194,23:49:08
RIGHT,0.7449,0.0,0.3343,23:49:08
RIGHT,0.7,0.0,0.3653,23:49:09
RIGHT,0.7774,0.0,0.3491,23:49:09
RIGHT,0.6474,0.0,0.2625,23:49:09
RIGHT,0.7929,0.0,0.2206,23:49:09
RIGHT,0.8414,0.0,0.236,23:49:09
RIGHT,0.7888,0.0,0.236,23:49:10
RIGHT,0.7888,0.0,0.2198,23:49:10
RIGHT,0.8328,0.0,0.2198,23:49:10
RIGHT,0.8328,0.0,0.2135,23:49:10
RIGHT,0.8463,0.0,0.2135,23:49:10
RIGHT,0.8885,0.0,0.2135,23:49:10
RIGHT,0.8885,0.0,0.2794,23:49:10
RIGHT,0.9553,0.0,0.2794,23:49:10
RIGHT,0.9553,0.0,0.3997,23:49:11
RIGHT,0.9069,0.0,0.3997,23:49:11
RIGHT,0.9069,0.0,0.4143,23:49:11
RIGHT,0.8958,0.0,0.4143,23:49:11
RIGHT,0.8958,0.0,0.4413,23:49:11
RIGHT,0.7436,0.0,0.4413,23:49:11
RIGHT,0.7436,0.0,0.5324,23:49:11
RIGHT,0.7155,0.0,0.5324,23:49:11
RIGHT,0.7155,0.0,0.5052,23:49:11
RIGHT,0.6494,0.0,0.5052,23:49:11
RIGHT,0.6494,0.0,0.5212,23:49:12
RIGHT,0.567,0.0,0.5212,23:49:12
RIGHT,0.567,0.0,0.4845,23:49:12
RIGHT,0.5637,0.0,0.4744,23:49:12
RIGHT,0.5638,0.0,0.3785,23:49:12
RIGHT,0.6007,0.0,0.361,23:49:12
RIGHT,0.8156,0.0,0.3434,23:49:13
RIGHT,0.8156,0.0,0.3454,23:49:13
RIGHT,0.8262,0.0,0.3264,23:49:13
RIGHT,0.8565,0.0,0.3009,23:49:13
RIGHT,0.8913,0.0,0.2863,23:49:13
RIGHT,0.761,0.0,0.2863,23:49:14
RIGHT,0.761,0.0,0.3382,23:49:14
RIGHT,0.7525,0.0,0.3382,23:49:14
RIGHT,0.7525,0.0,0.3049,23:49:14
RIGHT,0.8575,0.0,0.3049,23:49:14
RIGHT,0.8575,0.0,0.5153,23:49:14
RIGHT,0.9019,0.0,0.5153,23:49:14
RIGHT,0.9019,0.0,0.5336,23:49:14
RIGHT,0.8593,0.0,0.5336,23:49:14
RIGHT,0.8593,0.0,0.5158,23:49:14
RIGHT,0.9284,0.0,0.5158,23:49:15
RIGHT,0.9284,0.0,0.4899,23:49:15
RIGHT,0.8939,0.0,0.4899,23:49:15
RIGHT,0.8939,0.0,0.5042,23:49:15
RIGHT,0.8511,0.0,0.5042,23:49:15
RIGHT,0.8781,0.0,0.5042,23:49:15
RIGHT,0.8781,0.0,0.5177,23:49:15
RIGHT,0.921,0.0,0.5177,23:49:15
RIGHT,0.921,0.0,0.4499,23:49:15
RIGHT,0.9828,0.0,0.4499,23:49:16
RIGHT,0.9828,0.0,0.4645,23:49:16
RIGHT,0.9677,0.0,0.2608,23:49:16
RIGHT,1.003,0.0,0.3016,23:49:16
RIGHT,0.988,0.0,0.277,23:49:16
RIGHT,0.9369,0.0,0.277,23:49:16
RIGHT,0.9369,0.0,0.3632,23:49:17
RIGHT,0.8645,0.0,0.3632,23:49:17
RIGHT,0.8645,0.0,0.3665,23:49:17
RIGHT,0.9047,0.0,0.3665,23:49:17
RIGHT,0.9047,0.0,0.4071,23:49:17
RIGHT,0.8942,0.0,0.4071,23:49:17
RIGHT,0.8942,0.0,0.4709,23:49:17
RIGHT,0.8668,0.0,0.4709,23:49:17
RIGHT,0.8668,0.0,0.4878,23:49:17
RIGHT,0.8072,0.0,0.4878,23:49:17
RIGHT,0.8072,0.0,0.4977,23:49:18
RIGHT,0.7456,0.0,0.4977,23:49:18
RIGHT,0.7456,0.0,0.425,23:49:18
RIGHT,0.6143,0.0,0.425,23:49:18
RIGHT,0.6143,0.0,0.5316,23:49:18
RIGHT,0.7561,0.0,0.5316,23:49:18
RIGHT,0.7561,0.0,0.4894,23:49:18
RIGHT,0.8473,0.0,0.4894,23:49:18
RIGHT,0.8473,0.0,0.4454,23:49:18
RIGHT,0.8517,0.0,0.4454,23:49:19
RIGHT,0.8517,0.0,0.4399,23:49:19
RIGHT,0.8763,0.0,0.4399,23:49:19
RIGHT,0.8763,0.0,0.3986,23:49:19
RIGHT,0.8623,0.0,0.3986,23:49:19
RIGHT,0.8623,0.0,0.3814,23:49:19
RIGHT,0.8098,0.0,0.3814,23:49:19
RIGHT,0.6822,0.0,0.4014,23:49:19
RIGHT,0.6822,0.0,0.4219,23:49:19
RIGHT,0.8248,0.0,0.4219,23:49:20
RIGHT,0.8266,0.0,0.3505,23:49:20
RIGHT,0.8266,0.0,0.3703,23:49:20
RIGHT,0.6732,0.0,0.3703,23:49:20
RIGHT,0.7931,0.0,0.3703,23:49:20
RIGHT,0.8126,0.0,0.4033,23:49:20
RIGHT,0.8247,0.0,0.4781,23:49:21
RIGHT,0.776,0.0,0.5331,23:49:21
RIGHT,0.835,0.0,0.5349,23:49:21
RIGHT,0.835,0.0,0.4527,23:49:21
RIGHT,0.8091,0.0,0.4527,23:49:21
RIGHT,0.8091,0.0,0.407,23:49:21
RIGHT,0.7117,0.0,0.407,23:49:21
RIGHT,0.8001,0.0,0.3961,23:49:22
RIGHT,0.7896,0.0,0.3687,23:49:22
RIGHT,0.7282,0.0,0.4806,23:49:22
RIGHT,0.906,0.0,0.4225,23:49:22
RIGHT,0.8358,0.0,0.3754,23:49:22
RIGHT,0.7706,0.0,0.3538,23:49:23
RIGHT,0.7706,0.0,0.4448,23:49:23
RIGHT,0.8054,0.0,0.4479,23:49:23
RIGHT,0.8144,0.0,0.4479,23:49:23
RIGHT,0.8144,0.0,0.5005,23:49:23
RIGHT,0.7795,0.0,0.4731,23:49:23
RIGHT,0.7472,0.0,0.3789,23:49:24
RIGHT,0.5569,0.0,0.3653,23:49:24
RIGHT,0.5355,0.0,0.385,23:49:24
RIGHT,0.5284,0.0,0.3953,23:49:24
RIGHT,0.2875,0.0,0.3545,23:49:24
RIGHT,0.2437,0.0,0.3224,23:49:25
RIGHT,0.201,0.0,0.2786,23:49:25
RIGHT,0.4675,0.0,0.2786,23:49:25
RIGHT,0.4675,0.0,0.2871,23:49:25
RIGHT,0.6592,0.0,0.2871,23:49:25
RIGHT,0.6592,0.0,0.3152,23:49:25
RIGHT,0.7523,0.0,0.3152,23:49:25
RIGHT,0.7523,0.0,0.3317,23:49:26
RIGHT,0.9482,0.0,0.3317,23:49:26
RIGHT,0.9482,0.0,0.269,23:49:26
RIGHT,1.0637,0.0,0.269,23:49:26
RIGHT,1.0146,0.0,0.2625,23:49:26
RIGHT,1.0146,0.0,0.2624,23:49:26
RIGHT,0.9069,0.0,0.2624,23:49:26
RIGHT,0.9543,0.0,0.2655,23:49:26
RIGHT,0.9543,0.0,0.3894,23:49:27
RIGHT,0.9793,0.0,0.3894,23:49:27
RIGHT,0.9793,0.0,0.3711,23:49:27
RIGHT,0.9812,0.0,0.3711,23:49:27
RIGHT,0.9812,0.0,0.3898,23:49:27
RIGHT,0.9528,0.0,0.3898,23:49:27
RIGHT,0.9528,0.0,0.488,23:49:27
RIGHT,0.8556,0.0,0.488,23:49:27
