timestamp,zone,confidence,distance_estimate,left_ratio,middle_ratio,right_ratio,left_rssi,middle_rssi,right_rssi
2026-05-16T21:08:42.473,NO_MOTION,1.0,unknown,0.0,0.0,0.0,0,0,0
2026-05-16T21:08:42.974,NO_MOTION,1.0,unknown,0.0,0.0,0.0,0,0,0
2026-05-16T21:08:43.475,NO_MOTION,1.0,unknown,0.0,0.0,0.0,0,0,0
2026-05-16T21:08:43.977,NO_MOTION,1.0,unknown,0.0,0.0,0.0,0,0,-50
2026-05-16T21:08:44.478,NO_MOTION,1.0,unknown,0.0,0.0,0.0,0,0,-50
2026-05-16T21:08:44.980,NO_MOTION,1.0,unknown,0.0,0.0,0.0,0,0,-50
2026-05-16T21:08:45.481,NO_MOTION,1.0,unknown,0.0,0.0,0.0,-48,0,-49
2026-05-16T21:08:45.984,NO_MOTION,1.0,unknown,0.0,0.0,0.0,-50,0,-47
2026-05-16T21:08:46.485,NO_MOTION,1.0,unknown,0.0,0.0,0.0,-51,0,-49
2026-05-16T21:08:46.987,NO_MOTION,1.0,unknown,0.0,0.0,0.0,-51,0,-49
2026-05-16T21:08:47.488,NO_MOTION,1.0,unknown,0.0,0.0,0.0,-50,0,-48
2026-05-16T21:08:47.989,NO_MOTION,1.0,unknown,0.0,0.0,0.0,-50,0,-45
2026-05-16T21:08:48.491,NO_MOTION,1.0,unknown,0.0,0.0,0.0,-47,0,-47
2026-05-16T21:08:48.992,NO_MOTION,1.0,unknown,0.0,0.0,0.0,-45,0,-49
2026-05-16T21:08:49.493,NO_MOTION,1.0,unknown,0.0,0.0,0.0,-45,0,-49
2026-05-16T21:08:49.994,NO_MOTION,1.0,unknown,0.0,0.0,0.0,-45,0,-48
2026-05-16T21:08:50.496,NO_MOTION,1.0,unknown,0.0,0.0,0.0,-45,0,-48
2026-05-16T21:08:50.997,NO_MOTION,1.0,unknown,0.0,0.0,0.0,-46,0,-48
2026-05-16T21:08:51.498,NO_MOTION,1.0,unknown,0.0,0.0,0.0,-46,0,-48
2026-05-16T21:08:51.999,NO_MOTION,1.0,unknown,0.0,0.0,0.0,-47,0,-48
2026-05-16T21:08:52.500,NO_MOTION,1.0,unknown,0.0,0.0,0.0,-46,0,-48
2026-05-16T21:08:53.002,NO_MOTION,1.0,unknown,0.0,0.0,0.0,-45,0,-48
2026-05-16T21:08:53.503,NO_MOTION,1.0,unknown,0.0,0.0,0.0,-45,0,-48
2026-05-16T21:08:54.005,NO_MOTION,1.0,unknown,0.0,0.0,0.0,-45,0,-47
2026-05-16T21:08:54.506,NO_MOTION,1.0,unknown,0.0,0.0,0.0,-45,0,-47
2026-05-16T21:08:55.007,NO_MOTION,1.0,unknown,0.0,0.0,0.0,-44,0,-47
2026-05-16T21:08:55.509,NO_MOTION,1.0,unknown,0.0,0.0,0.0,-45,0,-47
2026-05-16T21:08:56.010,NO_MOTION,1.0,unknown,0.0,0.0,0.0,-44,0,-46
2026-05-16T21:08:56.511,NO_MOTION,1.0,unknown,0.0,0.0,0.0,-43,0,-47
2026-05-16T21:08:57.012,NO_MOTION,1.0,unknown,0.0,0.0,0.01,-43,0,-46
2026-05-16T21:08:57.514,NO_MOTION,0.85,unknown,0.0,0.0,0.38,-44,0,-46
2026-05-16T21:08:58.015,NO_MOTION,0.84,unknown,0.0,0.0,0.39,-44,0,-46
2026-05-16T21:08:58.516,NO_MOTION,0.84,unknown,0.05,0.0,0.4,-44,0,-46
2026-05-16T21:08:59.018,NO_MOTION,0.99,unknown,0.03,0.0,0.03,-44,0,-46
2026-05-16T21:08:59.519,NO_MOTION,0.99,unknown,0.03,0.0,0.02,-44,0,-46
2026-05-16T21:09:00.020,NO_MOTION,0.99,unknown,0.03,0.0,0.02,-45,0,-47
2026-05-16T21:09:00.521,NO_MOTION,0.98,unknown,0.04,0.0,0.02,-45,0,-47
2026-05-16T21:09:01.022,NO_MOTION,0.98,unknown,0.04,0.0,0.02,-44,0,-46
2026-05-16T21:09:01.523,NO_MOTION,0.66,unknown,0.85,0.0,0.07,-55,0,-45
2026-05-16T21:09:02.025,NO_MOTION,0.41,unknown,1.48,0.0,0.1,-51,0,-45
2026-05-16T21:09:02.526,NO_MOTION,0.48,unknown,1.3,0.0,0.1,-51,0,-45
2026-05-16T21:09:03.028,NO_MOTION,0.77,unknown,0.58,0.0,0.07,-52,0,-45
2026-05-16T21:09:03.529,NO_MOTION,0.97,unknown,0.08,0.0,0.05,-52,0,-45
2026-05-16T21:09:04.030,NO_MOTION,0.87,unknown,0.04,0.0,0.32,-52,0,-45
2026-05-16T21:09:04.531,NO_MOTION,0.86,unknown,0.28,0.0,0.35,-52,0,-45
2026-05-16T21:09:05.032,NO_MOTION,0.86,unknown,0.33,0.0,0.35,-54,0,-45
2026-05-16T21:09:05.533,NO_MOTION,0.72,unknown,0.69,0.0,0.37,-55,0,-45
2026-05-16T21:09:06.034,NO_MOTION,0.58,unknown,1.04,0.0,0.1,-54,0,-46
2026-05-16T21:09:06.535,NO_MOTION,0.66,unknown,0.84,0.0,0.09,-55,0,-47
2026-05-16T21:09:07.036,NO_MOTION,0.81,unknown,0.48,0.0,0.06,-54,0,-46
2026-05-16T21:09:07.537,NO_MOTION,0.77,unknown,0.58,0.0,0.03,-55,0,-46
2026-05-16T21:09:08.039,NO_MOTION,0.84,unknown,0.41,0.0,0.01,-55,0,-46
2026-05-16T21:09:08.540,NO_MOTION,0.79,unknown,0.52,0.0,0.02,-55,0,-46
2026-05-16T21:09:09.042,NO_MOTION,0.75,unknown,0.62,0.0,0.03,-55,0,-46
2026-05-16T21:09:09.543,NO_MOTION,0.75,unknown,0.63,0.0,0.03,-55,0,-46
2026-05-16T21:09:10.045,NO_MOTION,0.74,unknown,0.65,0.0,0.02,-55,0,-46
2026-05-16T21:09:10.546,NO_MOTION,0.76,unknown,0.6,0.0,0.03,-54,0,-46
2026-05-16T21:09:11.048,NO_MOTION,0.8,unknown,0.49,0.0,0.03,-54,0,-47
2026-05-16T21:09:11.550,NO_MOTION,0.65,unknown,0.87,0.0,0.05,-54,0,-46
2026-05-16T21:09:12.051,NO_MOTION,0.64,unknown,0.89,0.0,0.4,-55,0,-48
2026-05-16T21:09:12.552,NO_MOTION,0.68,unknown,0.81,0.0,0.47,-53,0,-48
2026-05-16T21:09:13.053,NO_MOTION,0.6,unknown,0.99,0.0,0.37,-58,0,-48
2026-05-16T21:09:13.554,NO_MOTION,0.45,unknown,1.37,0.0,0.28,-53,0,-48
2026-05-16T21:09:14.055,NO_MOTION,0.36,unknown,1.59,0.0,0.37,-49,0,-47
2026-05-16T21:09:14.557,NO_MOTION,0.53,unknown,1.17,0.0,0.43,-57,0,-49
2026-05-16T21:09:15.058,NO_MOTION,0.5,unknown,1.25,0.0,0.37,-54,0,-48
2026-05-16T21:09:15.559,NO_MOTION,0.57,unknown,1.07,0.0,0.11,-53,0,-48
2026-05-16T21:09:16.060,NO_MOTION,0.42,unknown,1.44,0.0,0.1,-48,0,-48
2026-05-16T21:09:16.562,NO_MOTION,0.31,unknown,1.73,0.0,0.15,-51,0,-47
2026-05-16T21:09:17.063,NO_MOTION,0.63,unknown,0.92,0.0,0.37,-46,0,-50
2026-05-16T21:09:17.565,NO_MOTION,0.84,unknown,0.16,0.0,0.39,-48,0,-48
2026-05-16T21:09:18.066,NO_MOTION,0.77,unknown,0.16,0.0,0.58,-47,0,-48
2026-05-16T21:09:18.568,NO_MOTION,0.8,unknown,0.22,0.0,0.51,-50,0,-47
2026-05-16T21:09:19.069,NO_MOTION,0.71,unknown,0.73,0.0,0.33,-52,0,-47
2026-05-16T21:09:19.570,NO_MOTION,0.72,unknown,0.69,0.0,0.5,-50,0,-47
2026-05-16T21:09:20.072,NO_MOTION,0.74,unknown,0.66,0.0,0.34,-48,0,-48
2026-05-16T21:09:20.573,NO_MOTION,0.81,unknown,0.48,0.0,0.35,-49,0,-47
2026-05-16T21:09:21.075,NO_MOTION,0.84,unknown,0.4,0.0,0.33,-50,0,-46
2026-05-16T21:09:21.576,NO_MOTION,0.75,unknown,0.62,0.0,0.15,-53,0,-47
2026-05-16T21:09:22.078,NO_MOTION,0.77,unknown,0.58,0.0,0.11,-54,0,-46
2026-05-16T21:09:22.579,NO_MOTION,0.78,unknown,0.55,0.0,0.02,-54,0,-47
2026-05-16T21:09:23.080,NO_MOTION,0.98,unknown,0.05,0.0,0.03,-54,0,-47
2026-05-16T21:09:23.582,NO_MOTION,0.97,unknown,0.07,0.0,0.03,-54,0,-47
2026-05-16T21:09:24.083,NO_MOTION,0.64,unknown,0.89,0.0,0.02,-54,0,-46
2026-05-16T21:09:24.585,NO_MOTION,0.64,unknown,0.91,0.0,0.02,-54,0,-47
2026-05-16T21:09:25.086,NO_MOTION,0.49,unknown,1.28,0.0,0.03,-52,0,-46
2026-05-16T21:09:25.587,NO_MOTION,0.54,unknown,1.14,0.0,0.12,-54,0,-44
2026-05-16T21:09:26.088,NO_MOTION,0.48,unknown,1.3,0.0,0.17,-51,0,-45
2026-05-16T21:09:26.589,NO_MOTION,0.45,unknown,1.38,0.0,0.13,-54,0,-45
2026-05-16T21:09:27.091,NO_MOTION,0.7,unknown,0.74,0.0,0.06,-55,0,-45
2026-05-16T21:09:27.592,NO_MOTION,0.62,unknown,0.95,0.0,0.13,-45,0,-47
2026-05-16T21:09:28.093,NO_MOTION,0.26,unknown,1.84,0.0,0.16,-47,0,-45
2026-05-16T21:09:28.594,NO_MOTION,0.34,unknown,1.66,0.0,0.14,-51,0,-47
2026-05-16T21:09:29.095,NO_MOTION,0.58,unknown,1.06,0.0,0.16,-41,0,-48
2026-05-16T21:09:29.596,NO_MOTION,0.48,unknown,1.29,0.0,0.16,-44,0,-46
2026-05-16T21:09:30.097,NO_MOTION,0.66,unknown,0.86,0.0,0.18,-46,0,-48
2026-05-16T21:09:30.598,NO_MOTION,0.8,unknown,0.49,0.0,0.26,-48,0,-46
2026-05-16T21:09:31.099,NO_MOTION,0.88,unknown,0.1,0.0,0.3,-47,0,-48
2026-05-16T21:09:31.600,NO_MOTION,0.77,unknown,0.08,0.0,0.57,-47,0,-48
2026-05-16T21:09:32.102,NO_MOTION,0.79,unknown,0.07,0.0,0.52,-48,0,-46
2026-05-16T21:09:32.603,NO_MOTION,0.87,unknown,0.33,0.0,0.32,-47,0,-46
2026-05-16T21:09:33.104,NO_MOTION,0.78,unknown,0.56,0.0,0.06,-47,0,-46
2026-05-16T21:09:33.605,NO_MOTION,0.72,unknown,0.71,0.0,0.05,-47,0,-47
2026-05-16T21:09:34.106,NO_MOTION,0.73,unknown,0.68,0.0,0.05,-47,0,-47
2026-05-16T21:09:34.608,NO_MOTION,0.75,unknown,0.62,0.0,0.03,-47,0,-47
2026-05-16T21:09:35.109,NO_MOTION,0.77,unknown,0.58,0.0,0.19,-47,0,-46
2026-05-16T21:09:35.610,NO_MOTION,0.76,unknown,0.59,0.0,0.2,-47,0,-47
2026-05-16T21:09:36.111,NO_MOTION,0.74,unknown,0.65,0.0,0.17,-47,0,-47
2026-05-16T21:09:36.613,NO_MOTION,0.72,unknown,0.7,0.0,0.17,-47,0,-47
2026-05-16T21:09:37.114,NO_MOTION,0.77,unknown,0.57,0.0,0.03,-47,0,-46
2026-05-16T21:09:37.616,NO_MOTION,0.72,unknown,0.7,0.0,0.03,-48,0,-47
2026-05-16T21:09:38.117,NO_MOTION,0.77,unknown,0.58,0.0,0.03,-48,0,-47
2026-05-16T21:09:38.619,NO_MOTION,0.74,unknown,0.65,0.0,0.03,-47,0,-46
2026-05-16T21:09:39.120,NO_MOTION,0.74,unknown,0.65,0.0,0.03,-47,0,-47
2026-05-16T21:09:39.622,NO_MOTION,0.74,unknown,0.66,0.0,0.04,-47,0,-47
2026-05-16T21:09:40.123,NO_MOTION,0.75,unknown,0.63,0.0,0.04,-47,0,-48
2026-05-16T21:09:40.624,NO_MOTION,0.74,unknown,0.66,0.0,0.06,-47,0,-47
2026-05-16T21:09:41.125,NO_MOTION,0.74,unknown,0.64,0.0,0.05,-46,0,-48
2026-05-16T21:09:41.626,NO_MOTION,0.88,unknown,0.3,0.0,0.06,-47,0,-48
2026-05-16T21:09:42.127,NO_MOTION,0.86,unknown,0.36,0.0,0.05,-46,0,-48
2026-05-16T21:09:42.629,NO_MOTION,0.78,unknown,0.56,0.0,0.26,-47,0,-48
2026-05-16T21:09:43.130,NO_MOTION,0.78,unknown,0.54,0.0,0.36,-47,0,-48
2026-05-16T21:09:43.632,NO_MOTION,0.72,unknown,0.69,0.0,0.38,-47,0,-48
2026-05-16T21:09:44.133,NO_MOTION,0.83,unknown,0.34,0.0,0.42,-46,0,-48
2026-05-16T21:09:44.634,NO_MOTION,0.85,unknown,0.37,0.0,0.25,-46,0,-48
2026-05-16T21:09:45.135,NO_MOTION,0.88,unknown,0.02,0.0,0.29,-46,0,-48
2026-05-16T21:09:45.636,NO_MOTION,0.78,unknown,0.56,0.0,0.29,-46,0,-48
2026-05-16T21:09:46.137,NO_MOTION,0.78,unknown,0.55,0.0,0.06,-46,0,-48
2026-05-16T21:09:46.638,NO_MOTION,0.8,unknown,0.51,0.0,0.07,-47,0,-48
2026-05-16T21:09:47.140,NO_MOTION,0.88,unknown,0.3,0.0,0.06,-47,0,-48
2026-05-16T21:09:47.641,NO_MOTION,0.87,unknown,0.32,0.0,0.06,-46,0,-48
2026-05-16T21:09:48.142,NO_MOTION,0.79,unknown,0.52,0.0,0.26,-46,0,-48
2026-05-16T21:09:48.643,NO_MOTION,0.78,unknown,0.54,0.0,0.41,-46,0,-48
2026-05-16T21:09:49.145,NO_MOTION,0.78,unknown,0.54,0.0,0.46,-47,0,-48
2026-05-16T21:09:49.646,NO_MOTION,0.82,unknown,0.37,0.0,0.44,-47,0,-48
2026-05-16T21:09:50.148,NO_MOTION,0.79,unknown,0.52,0.0,0.04,-46,0,-48
2026-05-16T21:09:50.649,NO_MOTION,0.72,unknown,0.71,0.0,0.05,-45,0,-49
2026-05-16T21:09:51.150,NO_MOTION,0.73,unknown,0.68,0.0,0.05,-47,0,-48
2026-05-16T21:09:51.651,NO_MOTION,0.64,unknown,0.91,0.0,0.05,-46,0,-46
2026-05-16T21:09:52.152,NO_MOTION,0.67,unknown,0.82,0.0,0.06,-47,0,-49
2026-05-16T21:09:52.654,NO_MOTION,0.73,unknown,0.67,0.0,0.3,-46,0,-48
2026-05-16T21:09:53.155,NO_MOTION,0.79,unknown,0.52,0.0,0.27,-46,0,-48
2026-05-16T21:09:53.656,NO_MOTION,0.81,unknown,0.47,0.0,0.48,-45,0,-48
2026-05-16T21:09:54.158,NO_MOTION,0.74,unknown,0.64,0.0,0.6,-45,0,-48
2026-05-16T21:09:54.659,NO_MOTION,0.76,unknown,0.53,0.0,0.61,-45,0,-48
2026-05-16T21:09:55.160,NO_MOTION,0.79,unknown,0.52,0.0,0.44,-45,0,-49
2026-05-16T21:09:55.662,NO_MOTION,0.75,unknown,0.63,0.0,0.48,-45,0,-48
2026-05-16T21:09:56.163,NO_MOTION,0.76,unknown,0.6,0.0,0.06,-45,0,-48
2026-05-16T21:09:56.664,NO_MOTION,0.8,unknown,0.51,0.0,0.08,-45,0,-48
2026-05-16T21:09:57.166,NO_MOTION,0.87,unknown,0.33,0.0,0.09,-45,0,-48
2026-05-16T21:09:57.667,NO_MOTION,0.85,unknown,0.32,0.0,0.38,-45,0,-48
2026-05-16T21:09:58.169,NO_MOTION,0.75,unknown,0.32,0.0,0.63,-45,0,-48
2026-05-16T21:09:58.670,NO_MOTION,0.76,unknown,0.33,0.0,0.59,-45,0,-48
2026-05-16T21:09:59.172,NO_MOTION,0.9,unknown,0.04,0.0,0.25,-46,0,-48
2026-05-16T21:09:59.673,NO_MOTION,0.85,unknown,0.34,0.0,0.37,-46,0,-48
2026-05-16T21:10:00.175,NO_MOTION,0.87,unknown,0.33,0.0,0.24,-45,0,-48
2026-05-16T21:10:00.676,NO_MOTION,0.86,unknown,0.34,0.0,0.31,-46,0,-48
2026-05-16T21:10:01.177,NO_MOTION,0.79,unknown,0.53,0.0,0.31,-45,0,-49
2026-05-16T21:10:01.678,NO_MOTION,0.86,unknown,0.34,0.0,0.1,-46,0,-48
2026-05-16T21:10:02.180,NO_MOTION,0.87,unknown,0.32,0.0,0.11,-45,0,-49
2026-05-16T21:10:02.681,NO_MOTION,0.97,unknown,0.03,0.0,0.08,-45,0,-48
2026-05-16T21:10:03.182,NO_MOTION,0.98,unknown,0.03,0.0,0.06,-45,0,-48
2026-05-16T21:10:03.683,NO_MOTION,0.98,unknown,0.03,0.0,0.06,-45,0,-48
2026-05-16T21:10:04.185,NO_MOTION,0.88,unknown,0.31,0.0,0.07,-46,0,-47
2026-05-16T21:10:04.687,NO_MOTION,0.8,unknown,0.5,0.0,0.06,-45,0,-48
2026-05-16T21:10:05.188,NO_MOTION,0.79,unknown,0.52,0.0,0.06,-45,0,-48
2026-05-16T21:10:05.689,NO_MOTION,0.8,unknown,0.51,0.0,0.34,-46,0,-48
2026-05-16T21:10:06.190,NO_MOTION,0.88,unknown,0.02,0.0,0.31,-46,0,-48
2026-05-16T21:10:06.692,NO_MOTION,0.8,unknown,0.03,0.0,0.5,-45,0,-48
2026-05-16T21:10:07.193,NO_MOTION,0.88,unknown,0.02,0.0,0.29,-45,0,-48
2026-05-16T21:10:07.694,NO_MOTION,0.87,unknown,0.33,0.0,0.29,-45,0,-48
2026-05-16T21:10:08.196,NO_MOTION,0.86,unknown,0.34,0.0,0.04,-45,0,-48
2026-05-16T21:10:08.697,NO_MOTION,0.86,unknown,0.35,0.0,0.02,-45,0,-48
2026-05-16T21:10:09.198,NO_MOTION,0.87,unknown,0.33,0.0,0.02,-45,0,-48
2026-05-16T21:10:09.699,NO_MOTION,0.88,unknown,0.01,0.0,0.29,-45,0,-48
2026-05-16T21:10:10.201,NO_MOTION,0.88,unknown,0.01,0.0,0.3,-45,0,-48
2026-05-16T21:10:10.702,NO_MOTION,0.88,unknown,0.01,0.0,0.3,-45,0,-48
2026-05-16T21:10:11.203,NO_MOTION,0.98,unknown,0.01,0.0,0.06,-45,0,-48
2026-05-16T21:10:11.705,NO_MOTION,0.97,unknown,0.01,0.0,0.07,-45,0,-48
2026-05-16T21:10:12.206,NO_MOTION,0.98,unknown,0.02,0.0,0.06,-45,0,-48
2026-05-16T21:10:12.707,NO_MOTION,0.98,unknown,0.02,0.0,0.06,-45,0,-49
2026-05-16T21:10:13.208,NO_MOTION,0.98,unknown,0.02,0.0,0.06,-45,0,-49
2026-05-16T21:10:13.710,NO_MOTION,0.86,unknown,0.34,0.0,0.1,-46,0,-49
2026-05-16T21:10:14.212,NO_MOTION,0.87,unknown,0.33,0.0,0.08,-45,0,-49
2026-05-16T21:10:14.713,NO_MOTION,0.87,unknown,0.32,0.0,0.11,-45,0,-48
2026-05-16T21:10:15.214,NO_MOTION,0.79,unknown,0.53,0.0,0.11,-45,0,-48
2026-05-16T21:10:15.716,NO_MOTION,0.86,unknown,0.36,0.0,0.12,-45,0,-48
2026-05-16T21:10:16.217,NO_MOTION,0.77,unknown,0.58,0.0,0.08,-45,0,-48
2026-05-16T21:10:16.718,NO_MOTION,0.78,unknown,0.56,0.0,0.07,-45,0,-48
2026-05-16T21:10:17.219,NO_MOTION,0.78,unknown,0.56,0.0,0.04,-45,0,-48
2026-05-16T21:10:17.720,NO_MOTION,0.72,unknown,0.7,0.0,0.04,-46,0,-48
2026-05-16T21:10:18.222,NO_MOTION,0.73,unknown,0.68,0.0,0.29,-45,0,-48
2026-05-16T21:10:18.723,NO_MOTION,0.72,unknown,0.7,0.0,0.27,-46,0,-48
2026-05-16T21:10:19.224,NO_MOTION,0.73,unknown,0.68,0.0,0.25,-45,0,-49
2026-05-16T21:10:19.725,NO_MOTION,0.79,unknown,0.53,0.0,0.03,-45,0,-49
2026-05-16T21:10:20.227,NO_MOTION,0.82,unknown,0.45,0.0,0.26,-45,0,-48
2026-05-16T21:10:20.727,NO_MOTION,0.64,unknown,0.91,0.0,0.28,-41,0,-49
2026-05-16T21:10:21.229,NO_MOTION,0.62,unknown,0.94,0.0,0.28,-45,0,-49
2026-05-16T21:10:21.730,NO_MOTION,0.71,unknown,0.72,0.0,0.04,-46,0,-48
2026-05-16T21:10:22.232,NO_MOTION,0.64,unknown,0.91,0.0,0.04,-45,0,-48
2026-05-16T21:10:22.733,NO_MOTION,0.74,unknown,0.65,0.0,0.03,-45,0,-48
2026-05-16T21:10:23.234,NO_MOTION,0.81,unknown,0.47,0.0,0.03,-45,0,-48
2026-05-16T21:10:23.735,NO_MOTION,0.89,unknown,0.27,0.0,0.03,-45,0,-48
2026-05-16T21:10:24.236,NO_MOTION,0.83,unknown,0.43,0.0,0.02,-46,0,-49
2026-05-16T21:10:24.738,NO_MOTION,0.78,unknown,0.55,0.0,0.3,-45,0,-48
2026-05-16T21:10:25.239,NO_MOTION,0.75,unknown,0.62,0.0,0.32,-45,0,-49
2026-05-16T21:10:25.740,NO_MOTION,0.73,unknown,0.68,0.0,0.33,-45,0,-48
2026-05-16T21:10:26.242,NO_MOTION,0.74,unknown,0.65,0.0,0.06,-45,0,-49
2026-05-16T21:10:26.743,NO_MOTION,0.71,unknown,0.73,0.0,0.18,-47,0,-50
2026-05-16T21:10:27.245,NO_MOTION,0.76,unknown,0.6,0.0,0.54,-45,0,-51
2026-05-16T21:10:27.747,NO_MOTION,0.66,unknown,0.45,0.0,0.85,-46,0,-49
2026-05-16T21:10:28.249,NO_MOTION,0.61,unknown,0.53,0.0,0.97,-47,0,-51
2026-05-16T21:10:28.750,NO_MOTION,0.64,unknown,0.65,0.0,0.91,-50,0,-52
2026-05-16T21:10:29.252,NO_MOTION,0.65,unknown,0.87,0.0,0.86,-48,0,-47
2026-05-16T21:10:29.753,NO_MOTION,0.61,unknown,0.97,0.0,0.74,-49,0,-51
2026-05-16T21:10:30.254,NO_MOTION,0.58,unknown,1.06,0.0,0.99,-49,0,-51
2026-05-16T21:10:30.755,NO_MOTION,0.63,unknown,0.92,0.0,0.87,-49,0,-50
2026-05-16T21:10:31.257,NO_MOTION,0.69,unknown,0.77,0.0,0.49,-46,0,-49
2026-05-16T21:10:31.758,NO_MOTION,0.46,unknown,1.01,0.0,1.34,-48,0,-44
2026-05-16T21:10:32.259,NO_MOTION,0.35,unknown,1.06,0.0,1.63,-50,0,-48
2026-05-16T21:10:32.761,NO_MOTION,0.38,unknown,0.88,0.0,1.54,-46,0,-52
2026-05-16T21:10:33.262,NO_MOTION,0.64,unknown,0.89,0.0,0.84,-47,0,-53
2026-05-16T21:10:33.764,NO_MOTION,0.81,unknown,0.47,0.0,0.36,-47,0,-53
2026-05-16T21:10:34.265,NO_MOTION,0.72,unknown,0.71,0.0,0.49,-48,0,-52
2026-05-16T21:10:34.766,NO_MOTION,0.71,unknown,0.72,0.0,0.49,-48,0,-52
2026-05-16T21:10:35.268,NO_MOTION,0.77,unknown,0.58,0.0,0.5,-48,0,-51
2026-05-16T21:10:35.769,NO_MOTION,0.83,unknown,0.43,0.0,0.36,-49,0,-52
2026-05-16T21:10:36.270,NO_MOTION,0.77,unknown,0.57,0.0,0.32,-49,0,-51
2026-05-16T21:10:36.772,NO_MOTION,0.75,unknown,0.63,0.0,0.31,-49,0,-51
2026-05-16T21:10:37.273,NO_MOTION,0.73,unknown,0.67,0.0,0.28,-49,0,-51
2026-05-16T21:10:37.774,NO_MOTION,0.55,unknown,1.13,0.0,0.53,-49,0,-51
2026-05-16T21:10:38.275,NO_MOTION,0.52,unknown,1.21,0.0,0.39,-49,0,-51
2026-05-16T21:10:38.776,NO_MOTION,0.56,unknown,1.11,0.0,0.93,-49,0,-51
2026-05-16T21:10:39.277,NO_MOTION,0.62,unknown,0.59,0.0,0.94,-49,0,-51
2026-05-16T21:10:39.778,NO_MOTION,0.68,unknown,0.51,0.0,0.81,-49,0,-51
2026-05-16T21:10:40.279,NO_MOTION,0.75,unknown,0.62,0.0,0.54,-49,0,-51
2026-05-16T21:10:40.780,NO_MOTION,0.79,unknown,0.53,0.0,0.51,-49,0,-50
2026-05-16T21:10:41.281,NO_MOTION,0.78,unknown,0.56,0.0,0.51,-49,0,-49
2026-05-16T21:10:41.782,NO_MOTION,0.74,unknown,0.66,0.0,0.54,-49,0,-50
2026-05-16T21:10:42.283,NO_MOTION,0.72,unknown,0.69,0.0,0.46,-49,0,-50
2026-05-16T21:10:42.785,NO_MOTION,0.75,unknown,0.63,0.0,0.35,-50,0,-51
2026-05-16T21:10:43.286,NO_MOTION,0.6,unknown,1.01,0.0,0.5,-48,0,-50
2026-05-16T21:10:43.787,NO_MOTION,0.44,unknown,1.4,0.0,0.28,-49,0,-49
2026-05-16T21:10:44.290,NO_MOTION,0.45,unknown,1.37,0.0,0.77,-49,0,-50
2026-05-16T21:10:44.791,NO_MOTION,0.56,unknown,1.1,0.0,0.74,-49,0,-50
2026-05-16T21:10:45.292,NO_MOTION,0.69,unknown,0.77,0.0,0.53,-49,0,-50
2026-05-16T21:10:45.794,NO_MOTION,0.68,unknown,0.81,0.0,0.45,-49,0,-50
2026-05-16T21:10:46.295,NO_MOTION,0.69,unknown,0.77,0.0,0.52,-48,0,-50
2026-05-16T21:10:46.796,NO_MOTION,0.71,unknown,0.72,0.0,0.47,-48,0,-50
2026-05-16T21:10:47.297,NO_MOTION,0.72,unknown,0.69,0.0,0.46,-48,0,-50
2026-05-16T21:10:47.798,NO_MOTION,0.72,unknown,0.69,0.0,0.51,-48,0,-50
2026-05-16T21:10:48.299,NO_MOTION,0.72,unknown,0.7,0.0,0.49,-48,0,-51
2026-05-16T21:10:48.801,NO_MOTION,0.76,unknown,0.61,0.0,0.33,-48,0,-51
2026-05-16T21:10:49.302,NO_MOTION,0.75,unknown,0.62,0.0,0.39,-48,0,-51
2026-05-16T21:10:49.804,NO_MOTION,0.73,unknown,0.36,0.0,0.67,-48,0,-51
2026-05-16T21:10:50.305,NO_MOTION,0.78,unknown,0.56,0.0,0.53,-48,0,-51
2026-05-16T21:10:50.806,NO_MOTION,0.78,unknown,0.54,0.0,0.35,-48,0,-51
2026-05-16T21:10:51.307,NO_MOTION,0.72,unknown,0.71,0.0,0.35,-48,0,-51
2026-05-16T21:10:51.808,NO_MOTION,0.75,unknown,0.59,0.0,0.62,-48,0,-51
2026-05-16T21:10:52.310,NO_MOTION,0.78,unknown,0.35,0.0,0.56,-48,0,-51
2026-05-16T21:10:52.812,NO_MOTION,0.78,unknown,0.56,0.0,0.51,-48,0,-51
2026-05-16T21:10:53.313,NO_MOTION,0.72,unknown,0.69,0.0,0.52,-48,0,-51
2026-05-16T21:10:53.815,NO_MOTION,0.71,unknown,0.72,0.0,0.44,-48,0,-51
2026-05-16T21:10:54.316,NO_MOTION,0.78,unknown,0.34,0.0,0.55,-48,0,-51
2026-05-16T21:10:54.818,NO_MOTION,0.79,unknown,0.02,0.0,0.52,-48,0,-51
2026-05-16T21:10:55.319,NO_MOTION,0.76,unknown,0.37,0.0,0.59,-48,0,-51
2026-05-16T21:10:55.821,NO_MOTION,0.78,unknown,0.36,0.0,0.55,-48,0,-51
2026-05-16T21:10:56.322,NO_MOTION,0.8,unknown,0.34,0.0,0.49,-48,0,-51
2026-05-16T21:10:56.823,NO_MOTION,0.86,unknown,0.35,0.0,0.33,-48,0,-51
2026-05-16T21:10:57.324,NO_MOTION,0.86,unknown,0.35,0.0,0.34,-48,0,-51
2026-05-16T21:10:57.826,NO_MOTION,0.77,unknown,0.57,0.0,0.41,-48,0,-51
2026-05-16T21:10:58.326,NO_MOTION,0.73,unknown,0.68,0.0,0.44,-48,0,-51
2026-05-16T21:10:58.828,NO_MOTION,0.78,unknown,0.54,0.0,0.34,-48,0,-51
2026-05-16T21:10:59.329,NO_MOTION,0.75,unknown,0.62,0.0,0.4,-48,0,-51
2026-05-16T21:10:59.831,NO_MOTION,0.84,unknown,0.3,0.0,0.41,-48,0,-51
2026-05-16T21:11:00.333,NO_MOTION,0.81,unknown,0.3,0.0,0.47,-48,0,-51
2026-05-16T21:11:00.834,NO_MOTION,0.88,unknown,0.3,0.0,0.28,-48,0,-51
2026-05-16T21:11:01.335,NO_MOTION,0.76,unknown,0.3,0.0,0.6,-48,0,-51
2026-05-16T21:11:01.837,NO_MOTION,0.75,unknown,0.28,0.0,0.63,-48,0,-51
2026-05-16T21:11:02.338,NO_MOTION,0.77,unknown,0.46,0.0,0.57,-48,0,-51
2026-05-16T21:11:02.839,NO_MOTION,0.8,unknown,0.3,0.0,0.49,-48,0,-51
2026-05-16T21:11:03.340,NO_MOTION,0.8,unknown,0.31,0.0,0.49,-48,0,-51
2026-05-16T21:11:03.842,NO_MOTION,0.81,unknown,0.32,0.0,0.48,-48,0,-51
2026-05-16T21:11:04.343,NO_MOTION,0.85,unknown,0.02,0.0,0.38,-48,0,-52
2026-05-16T21:11:04.844,NO_MOTION,0.82,unknown,0.32,0.0,0.46,-48,0,-51
2026-05-16T21:11:05.346,NO_MOTION,0.82,unknown,0.33,0.0,0.44,-48,0,-52
2026-05-16T21:11:05.847,NO_MOTION,0.84,unknown,0.32,0.0,0.41,-48,0,-51
2026-05-16T21:11:06.349,NO_MOTION,0.8,unknown,0.03,0.0,0.5,-48,0,-51
2026-05-16T21:11:06.850,NO_MOTION,0.8,unknown,0.02,0.0,0.49,-48,0,-51
2026-05-16T21:11:07.351,NO_MOTION,0.78,unknown,0.03,0.0,0.54,-48,0,-51
2026-05-16T21:11:07.853,NO_MOTION,0.8,unknown,0.02,0.0,0.5,-48,0,-51
2026-05-16T21:11:08.354,NO_MOTION,0.82,unknown,0.02,0.0,0.46,-48,0,-51
2026-05-16T21:11:08.855,NO_MOTION,0.92,unknown,0.02,0.0,0.2,-48,0,-51
2026-05-16T21:11:09.357,NO_MOTION,0.83,unknown,0.02,0.0,0.42,-48,0,-51
2026-05-16T21:11:09.858,NO_MOTION,0.84,unknown,0.01,0.0,0.39,-48,0,-51
2026-05-16T21:11:10.359,NO_MOTION,0.86,unknown,0.31,0.0,0.34,-48,0,-51
2026-05-16T21:11:10.860,NO_MOTION,0.88,unknown,0.3,0.0,0.21,-48,0,-51
2026-05-16T21:11:11.361,NO_MOTION,0.82,unknown,0.3,0.0,0.44,-48,0,-51
2026-05-16T21:11:11.862,NO_MOTION,0.84,unknown,0.01,0.0,0.4,-48,0,-51
2026-05-16T21:11:12.363,NO_MOTION,0.93,unknown,0.01,0.0,0.17,-48,0,-51
2026-05-16T21:11:12.864,NO_MOTION,0.92,unknown,0.01,0.0,0.19,-48,0,-51
2026-05-16T21:11:13.365,NO_MOTION,0.84,unknown,0.31,0.0,0.4,-48,0,-51
2026-05-16T21:11:13.866,NO_MOTION,0.82,unknown,0.31,0.0,0.45,-48,0,-51
2026-05-16T21:11:14.368,NO_MOTION,0.82,unknown,0.31,0.0,0.45,-48,0,-51
2026-05-16T21:11:14.869,NO_MOTION,0.85,unknown,0.02,0.0,0.38,-48,0,-52
2026-05-16T21:11:15.371,NO_MOTION,0.86,unknown,0.03,0.0,0.35,-48,0,-52
2026-05-16T21:11:15.872,NO_MOTION,0.8,unknown,0.03,0.0,0.49,-48,0,-51
2026-05-16T21:11:16.373,NO_MOTION,0.88,unknown,0.03,0.0,0.31,-47,0,-51
2026-05-16T21:11:16.875,NO_MOTION,0.79,unknown,0.36,0.0,0.53,-48,0,-49
2026-05-16T21:11:17.376,NO_MOTION,0.71,unknown,0.73,0.0,0.41,-46,0,-50
2026-05-16T21:11:17.877,NO_MOTION,0.66,unknown,0.85,0.0,0.54,-49,0,-50
2026-05-16T21:11:18.378,NO_MOTION,0.53,unknown,1.18,0.0,0.55,-50,0,-49
2026-05-16T21:11:18.880,NO_MOTION,0.33,unknown,1.67,0.0,0.53,-49,0,-50
2026-05-16T21:11:19.381,NO_MOTION,0.45,unknown,1.37,0.0,0.44,-48,0,-50
2026-05-16T21:11:19.882,NO_MOTION,0.35,unknown,1.62,0.0,0.5,-49,0,-50
2026-05-16T21:11:20.384,NO_MOTION,0.46,unknown,1.35,0.0,0.64,-49,0,-49
2026-05-16T21:11:20.885,NO_MOTION,0.63,unknown,0.92,0.0,0.55,-50,0,-49
2026-05-16T21:11:21.387,NO_MOTION,0.73,unknown,0.67,0.0,0.38,-48,0,-48
2026-05-16T21:11:21.888,NO_MOTION,0.74,unknown,0.66,0.0,0.32,-48,0,-50
2026-05-16T21:11:22.389,NO_MOTION,0.7,unknown,0.66,0.0,0.75,-48,0,-51
2026-05-16T21:11:22.890,NO_MOTION,0.77,unknown,0.55,0.0,0.57,-49,0,-50
2026-05-16T21:11:23.392,NO_MOTION,0.76,unknown,0.36,0.0,0.59,-48,0,-51
2026-05-16T21:11:23.893,NO_MOTION,0.7,unknown,0.76,0.0,0.11,-49,0,-51
2026-05-16T21:11:24.394,NO_MOTION,0.72,unknown,0.7,0.0,0.31,-49,0,-51
2026-05-16T21:11:24.895,NO_MOTION,0.71,unknown,0.73,0.0,0.42,-49,0,-51
2026-05-16T21:11:25.397,NO_MOTION,0.72,unknown,0.71,0.0,0.43,-48,0,-51
2026-05-16T21:11:25.898,NO_MOTION,0.72,unknown,0.69,0.0,0.46,-48,0,-51
2026-05-16T21:11:26.399,NO_MOTION,0.72,unknown,0.71,0.0,0.59,-48,0,-51
2026-05-16T21:11:26.900,NO_MOTION,0.75,unknown,0.59,0.0,0.62,-48,0,-51
2026-05-16T21:11:27.401,NO_MOTION,0.76,unknown,0.6,0.0,0.61,-48,0,-51
2026-05-16T21:11:27.903,NO_MOTION,0.77,unknown,0.35,0.0,0.58,-49,0,-51
2026-05-16T21:11:28.404,NO_MOTION,0.71,unknown,0.49,0.0,0.72,-47,0,-51
2026-05-16T21:11:28.906,NO_MOTION,0.6,unknown,0.65,0.0,1.01,-49,0,-51
2026-05-16T21:11:29.407,NO_MOTION,0.46,unknown,1.36,0.0,1.07,-49,0,-49
2026-05-16T21:11:29.908,NO_MOTION,0.44,unknown,1.4,0.0,0.92,-47,0,-50
2026-05-16T21:11:30.409,NO_MOTION,0.5,unknown,1.26,0.0,0.8,-47,0,-52
2026-05-16T21:11:30.910,NO_MOTION,0.67,unknown,0.82,0.0,0.74,-47,0,-52
2026-05-16T21:11:31.412,NO_MOTION,0.74,unknown,0.66,0.0,0.56,-47,0,-51
2026-05-16T21:11:31.913,NO_MOTION,0.7,unknown,0.75,0.0,0.75,-47,0,-50
2026-05-16T21:11:32.415,NO_MOTION,0.69,unknown,0.78,0.0,0.62,-49,0,-51
2026-05-16T21:11:32.916,NO_MOTION,0.66,unknown,0.86,0.0,0.67,-49,0,-52
2026-05-16T21:11:33.418,NO_MOTION,0.74,unknown,0.65,0.0,0.64,-48,0,-53
2026-05-16T21:11:33.919,NO_MOTION,0.72,unknown,0.7,0.0,0.14,-49,0,-51
2026-05-16T21:11:34.420,NO_MOTION,0.74,unknown,0.64,0.0,0.35,-49,0,-51
2026-05-16T21:11:34.921,NO_MOTION,0.71,unknown,0.73,0.0,0.47,-49,0,-50
2026-05-16T21:11:35.422,NO_MOTION,0.72,unknown,0.71,0.0,0.4,-49,0,-51
2026-05-16T21:11:35.924,NO_MOTION,0.72,unknown,0.69,0.0,0.26,-49,0,-50
2026-05-16T21:11:36.425,NO_MOTION,0.68,unknown,0.79,0.0,0.5,-48,0,-50
2026-05-16T21:11:36.927,NO_MOTION,0.67,unknown,0.75,0.0,0.82,-48,0,-51
2026-05-16T21:11:37.427,NO_MOTION,0.67,unknown,0.82,0.0,0.71,-50,0,-49
2026-05-16T21:11:37.929,NO_MOTION,0.64,unknown,0.89,0.0,0.34,-47,0,-49
2026-05-16T21:11:38.430,NO_MOTION,0.66,unknown,0.86,0.0,0.2,-48,0,-48
2026-05-16T21:11:38.931,NO_MOTION,0.7,unknown,0.76,0.0,0.2,-51,0,-46
2026-05-16T21:11:39.433,NO_MOTION,0.56,unknown,1.09,0.0,0.18,-49,0,-47
2026-05-16T21:11:39.935,NO_MOTION,0.62,unknown,0.95,0.0,0.1,-49,0,-48
2026-05-16T21:11:40.436,NO_MOTION,0.63,unknown,0.92,0.0,0.09,-50,0,-48
2026-05-16T21:11:40.937,NO_MOTION,0.69,unknown,0.78,0.0,0.08,-50,0,-48
2026-05-16T21:11:41.439,NO_MOTION,0.68,unknown,0.79,0.0,0.08,-50,0,-48
2026-05-16T21:11:41.940,NO_MOTION,0.71,unknown,0.73,0.0,0.1,-50,0,-48
2026-05-16T21:11:42.441,NO_MOTION,0.68,unknown,0.79,0.0,0.11,-51,0,-49
2026-05-16T21:11:42.943,NO_MOTION,0.78,unknown,0.54,0.0,0.11,-51,0,-47
2026-05-16T21:11:43.444,NO_MOTION,0.79,unknown,0.52,0.0,0.09,-50,0,-47
2026-05-16T21:11:43.946,NO_MOTION,0.63,unknown,0.93,0.0,0.4,-47,0,-49
2026-05-16T21:11:44.447,NO_MOTION,0.61,unknown,0.98,0.0,0.78,-47,0,-48
2026-05-16T21:11:44.949,NO_MOTION,0.45,unknown,0.89,0.0,1.38,-50,0,-53
2026-05-16T21:11:45.450,NO_MOTION,0.49,unknown,1.27,0.0,1.23,-51,0,-50
2026-05-16T21:11:45.951,NO_MOTION,0.51,unknown,1.22,0.0,1.02,-49,0,-50
2026-05-16T21:11:46.452,NO_MOTION,0.46,unknown,1.35,0.0,0.76,-46,0,-51
2026-05-16T21:11:46.953,NO_MOTION,0.51,unknown,1.23,0.0,0.75,-47,0,-50
2026-05-16T21:11:47.455,NO_MOTION,0.62,unknown,0.95,0.0,0.77,-45,0,-51
2026-05-16T21:11:47.956,NO_MOTION,0.65,unknown,0.87,0.0,0.82,-46,0,-48
2026-05-16T21:11:48.458,NO_MOTION,0.54,unknown,1.15,0.0,0.77,-49,0,-50
2026-05-16T21:11:48.959,NO_MOTION,0.64,unknown,0.91,0.0,0.91,-46,0,-51
2026-05-16T21:11:49.460,NO_MOTION,0.46,unknown,1.04,0.0,1.36,-48,0,-52
2026-05-16T21:11:49.961,NO_MOTION,0.51,unknown,0.96,0.0,1.22,-47,0,-49
2026-05-16T21:11:50.463,NO_MOTION,0.4,unknown,1.51,0.0,1.12,-48,0,-48
2026-05-16T21:11:50.964,NO_MOTION,0.45,unknown,1.37,0.0,0.89,-46,0,-50
2026-05-16T21:11:51.466,NO_MOTION,0.42,unknown,1.44,0.0,0.64,-51,0,-51
2026-05-16T21:11:51.967,NO_MOTION,0.38,unknown,1.54,0.0,0.67,-52,0,-55
2026-05-16T21:11:52.469,NO_MOTION,0.28,unknown,1.8,0.0,0.99,-53,0,-58
2026-05-16T21:11:52.970,NO_MOTION,0.52,unknown,1.2,0.0,1.05,-46,0,-55
2026-05-16T21:11:53.471,NO_MOTION,0.24,unknown,1.89,0.0,0.98,-46,0,-52
2026-05-16T21:11:53.973,NO_MOTION,0.24,unknown,1.91,0.0,0.85,-45,0,-49
2026-05-16T21:11:54.474,NO_MOTION,0.72,unknown,0.57,0.0,0.7,-45,0,-49
2026-05-16T21:11:54.975,NO_MOTION,0.79,unknown,0.52,0.0,0.51,-46,0,-49
2026-05-16T21:11:55.476,NO_MOTION,0.78,unknown,0.56,0.0,0.33,-46,0,-49
2026-05-16T21:11:55.977,NO_MOTION,0.66,unknown,0.85,0.0,0.28,-46,0,-52
2026-05-16T21:11:56.478,NO_MOTION,0.6,unknown,0.99,0.0,0.44,-47,0,-52
2026-05-16T21:11:56.979,NO_MOTION,0.61,unknown,0.98,0.0,0.44,-46,0,-51
2026-05-16T21:11:57.480,NO_MOTION,0.66,unknown,0.84,0.0,0.6,-47,0,-47
2026-05-16T21:11:57.982,NO_MOTION,0.7,unknown,0.74,0.0,0.57,-48,0,-51
2026-05-16T21:11:58.483,NO_MOTION,0.76,unknown,0.6,0.0,0.6,-48,0,-49
2026-05-16T21:11:58.984,NO_MOTION,0.76,unknown,0.58,0.0,0.6,-46,0,-49
2026-05-16T21:11:59.485,NO_MOTION,0.74,unknown,0.37,0.0,0.64,-48,0,-49
2026-05-16T21:11:59.987,NO_MOTION,0.7,unknown,0.41,0.0,0.75,-45,0,-48
2026-05-16T21:12:00.489,NO_MOTION,0.75,unknown,0.1,0.0,0.62,-47,0,-48
2026-05-16T21:12:00.990,NO_MOTION,0.76,unknown,0.08,0.0,0.59,-47,0,-48
2026-05-16T21:12:01.491,NO_MOTION,0.76,unknown,0.09,0.0,0.61,-47,0,-48
2026-05-16T21:12:01.993,NO_MOTION,0.74,unknown,0.11,0.0,0.65,-45,0,-48
2026-05-16T21:12:02.494,NO_MOTION,0.73,unknown,0.08,0.0,0.67,-45,0,-47
2026-05-16T21:12:02.998,NO_MOTION,0.72,unknown,0.08,0.0,0.69,-47,0,-47
2026-05-16T21:12:03.500,NO_MOTION,0.77,unknown,0.05,0.0,0.57,-47,0,-47
2026-05-16T21:12:04.002,NO_MOTION,0.78,unknown,0.06,0.0,0.55,-46,0,-47
2026-05-16T21:12:04.503,NO_MOTION,0.8,unknown,0.07,0.0,0.5,-47,0,-47
2026-05-16T21:12:05.004,NO_MOTION,0.75,unknown,0.04,0.0,0.63,-47,0,-47
2026-05-16T21:12:05.505,NO_MOTION,0.81,unknown,0.06,0.0,0.48,-47,0,-48
2026-05-16T21:12:06.007,NO_MOTION,0.7,unknown,0.07,0.0,0.74,-47,0,-50
2026-05-16T21:12:06.508,NO_MOTION,0.72,unknown,0.08,0.0,0.69,-46,0,-50
2026-05-16T21:12:07.009,NO_MOTION,0.73,unknown,0.06,0.0,0.67,-46,0,-49
2026-05-16T21:12:07.511,NO_MOTION,0.83,unknown,0.02,0.0,0.42,-46,0,-49
2026-05-16T21:12:08.012,NO_MOTION,0.76,unknown,0.02,0.0,0.59,-46,0,-49
2026-05-16T21:12:08.513,NO_MOTION,0.75,unknown,0.06,0.0,0.63,-46,0,-49
2026-05-16T21:12:09.015,NO_MOTION,0.72,unknown,0.08,0.0,0.7,-47,0,-47
2026-05-16T21:12:09.516,NO_MOTION,0.76,unknown,0.09,0.0,0.61,-47,0,-47
2026-05-16T21:12:10.017,NO_MOTION,0.84,unknown,0.1,0.0,0.41,-47,0,-48
2026-05-16T21:12:10.518,NO_MOTION,0.74,unknown,0.4,0.0,0.64,-48,0,-50
2026-05-16T21:12:11.019,NO_MOTION,0.75,unknown,0.36,0.0,0.63,-47,0,-48
2026-05-16T21:12:11.520,NO_MOTION,0.75,unknown,0.4,0.0,0.62,-46,0,-47
2026-05-16T21:12:12.023,NO_MOTION,0.74,unknown,0.06,0.0,0.66,-46,0,-47
2026-05-16T21:12:12.523,NO_MOTION,0.74,unknown,0.05,0.0,0.64,-47,0,-47
2026-05-16T21:12:13.025,NO_MOTION,0.82,unknown,0.04,0.0,0.45,-47,0,-48
2026-05-16T21:12:13.526,NO_MOTION,0.81,unknown,0.04,0.0,0.47,-48,0,-48
2026-05-16T21:12:14.028,NO_MOTION,0.76,unknown,0.61,0.0,0.32,-46,0,-48
2026-05-16T21:12:14.529,NO_MOTION,0.72,unknown,0.7,0.0,0.34,-47,0,-47
2026-05-16T21:12:15.030,NO_MOTION,0.68,unknown,0.8,0.0,0.52,-47,0,-48
2026-05-16T21:12:15.531,NO_MOTION,0.68,unknown,0.79,0.0,0.55,-45,0,-46
2026-05-16T21:12:16.032,NO_MOTION,0.68,unknown,0.8,0.0,0.54,-45,0,-47
2026-05-16T21:12:16.533,NO_MOTION,0.68,unknown,0.81,0.0,0.43,-45,0,-46
2026-05-16T21:12:17.034,NO_MOTION,0.71,unknown,0.73,0.0,0.4,-45,0,-45
2026-05-16T21:12:17.535,NO_MOTION,0.77,unknown,0.58,0.0,0.43,-46,0,-45
2026-05-16T21:12:18.037,NO_MOTION,0.86,unknown,0.35,0.0,0.27,-46,0,-46
2026-05-16T21:12:18.538,NO_MOTION,0.85,unknown,0.37,0.0,0.28,-46,0,-47
2026-05-16T21:12:19.039,NO_MOTION,0.87,unknown,0.08,0.0,0.33,-46,0,-47
2026-05-16T21:12:19.540,NO_MOTION,0.74,unknown,0.07,0.0,0.66,-45,0,-48
2026-05-16T21:12:20.041,NO_MOTION,0.71,unknown,0.08,0.0,0.72,-44,0,-48
2026-05-16T21:12:20.543,NO_MOTION,0.74,unknown,0.07,0.0,0.66,-46,0,-48
2026-05-16T21:12:21.044,NO_MOTION,0.77,unknown,0.06,0.0,0.57,-46,0,-47
2026-05-16T21:12:21.545,NO_MOTION,0.76,unknown,0.09,0.0,0.59,-46,0,-48
2026-05-16T21:12:22.047,NO_MOTION,0.78,unknown,0.2,0.0,0.56,-50,0,-48
2026-05-16T21:12:22.548,NO_MOTION,0.8,unknown,0.5,0.0,0.46,-44,0,-47
2026-05-16T21:12:23.049,NO_MOTION,0.79,unknown,0.47,0.0,0.52,-46,0,-44
2026-05-16T21:12:23.550,NO_MOTION,0.73,unknown,0.68,0.0,0.37,-45,0,-47
2026-05-16T21:12:24.052,NO_MOTION,0.76,unknown,0.37,0.0,0.6,-45,0,-47
2026-05-16T21:12:24.554,NO_MOTION,0.76,unknown,0.37,0.0,0.6,-46,0,-47
2026-05-16T21:12:25.055,NO_MOTION,0.78,unknown,0.06,0.0,0.55,-47,0,-48
2026-05-16T21:12:25.557,NO_MOTION,0.81,unknown,0.07,0.0,0.48,-46,0,-48
2026-05-16T21:12:26.058,NO_MOTION,0.77,unknown,0.06,0.0,0.57,-46,0,-47
2026-05-16T21:12:26.559,NO_MOTION,0.74,unknown,0.07,0.0,0.66,-51,0,-48
2026-05-16T21:12:27.060,NO_MOTION,0.78,unknown,0.26,0.0,0.55,-51,0,-48
2026-05-16T21:12:27.561,NO_MOTION,0.74,unknown,0.64,0.0,0.6,-47,0,-48
2026-05-16T21:12:28.062,NO_MOTION,0.75,unknown,0.59,0.0,0.63,-45,0,-47
2026-05-16T21:12:28.563,NO_MOTION,0.71,unknown,0.67,0.0,0.72,-44,0,-47
2026-05-16T21:12:29.065,NO_MOTION,0.81,unknown,0.07,0.0,0.48,-44,0,-48
2026-05-16T21:12:29.566,NO_MOTION,0.86,unknown,0.05,0.0,0.34,-44,0,-48
2026-05-16T21:12:30.067,NO_MOTION,0.87,unknown,0.04,0.0,0.33,-44,0,-48
2026-05-16T21:12:30.568,NO_MOTION,0.92,unknown,0.02,0.0,0.19,-44,0,-48
2026-05-16T21:12:31.070,NO_MOTION,0.79,unknown,0.02,0.0,0.53,-44,0,-48
2026-05-16T21:12:31.571,NO_MOTION,0.74,unknown,0.32,0.0,0.65,-44,0,-48
2026-05-16T21:12:32.073,NO_MOTION,0.77,unknown,0.32,0.0,0.58,-44,0,-48
2026-05-16T21:12:32.574,NO_MOTION,0.78,unknown,0.31,0.0,0.56,-46,0,-48
2026-05-16T21:12:33.076,NO_MOTION,0.77,unknown,0.3,0.0,0.58,-46,0,-47
2026-05-16T21:12:33.577,NO_MOTION,0.76,unknown,0.03,0.0,0.61,-45,0,-47
2026-05-16T21:12:34.078,NO_MOTION,0.76,unknown,0.03,0.0,0.6,-45,0,-48
2026-05-16T21:12:34.579,NO_MOTION,0.68,unknown,0.03,0.0,0.81,-45,0,-46
2026-05-16T21:12:35.081,NO_MOTION,0.66,unknown,0.33,0.0,0.84,-45,0,-48
2026-05-16T21:12:35.582,NO_MOTION,0.62,unknown,0.69,0.0,0.94,-45,0,-48
2026-05-16T21:12:36.083,NO_MOTION,0.64,unknown,0.66,0.0,0.89,-45,0,-47
2026-05-16T21:12:36.584,NO_MOTION,0.73,unknown,0.59,0.0,0.68,-44,0,-49
2026-05-16T21:12:37.085,NO_MOTION,0.72,unknown,0.1,0.0,0.71,-45,0,-47
2026-05-16T21:12:37.587,NO_MOTION,0.76,unknown,0.1,0.0,0.6,-45,0,-49
2026-05-16T21:12:38.088,NO_MOTION,0.72,unknown,0.07,0.0,0.7,-45,0,-49
2026-05-16T21:12:38.589,NO_MOTION,0.72,unknown,0.36,0.0,0.7,-45,0,-48
2026-05-16T21:12:39.090,NO_MOTION,0.75,unknown,0.53,0.0,0.63,-44,0,-49
2026-05-16T21:12:39.591,NO_MOTION,0.77,unknown,0.55,0.0,0.57,-44,0,-49
2026-05-16T21:12:40.092,NO_MOTION,0.91,unknown,0.22,0.0,0.23,-44,0,-49
2026-05-16T21:12:40.593,NO_MOTION,0.88,unknown,0.31,0.0,0.03,-45,0,-49
2026-05-16T21:12:41.094,NO_MOTION,0.86,unknown,0.35,0.0,0.07,-48,0,-49
2026-05-16T21:12:41.595,NO_MOTION,0.86,unknown,0.36,0.0,0.07,-47,0,-48
2026-05-16T21:12:42.097,NO_MOTION,0.76,unknown,0.59,0.0,0.32,-47,0,-47
2026-05-16T21:12:42.598,NO_MOTION,0.79,unknown,0.43,0.0,0.53,-47,0,-47
2026-05-16T21:12:43.099,NO_MOTION,0.76,unknown,0.34,0.0,0.6,-47,0,-48
2026-05-16T21:12:43.600,NO_MOTION,0.75,unknown,0.03,0.0,0.62,-48,0,-48
2026-05-16T21:12:44.102,NO_MOTION,0.75,unknown,0.03,0.0,0.62,-48,0,-48
2026-05-16T21:12:44.603,NO_MOTION,0.76,unknown,0.04,0.0,0.59,-48,0,-48
2026-05-16T21:12:45.104,NO_MOTION,0.78,unknown,0.05,0.0,0.55,-48,0,-48
2026-05-16T21:12:45.606,NO_MOTION,0.76,unknown,0.59,0.0,0.42,-48,0,-48
2026-05-16T21:12:46.107,NO_MOTION,0.76,unknown,0.61,0.0,0.49,-48,0,-48
2026-05-16T21:12:46.608,NO_MOTION,0.74,unknown,0.64,0.0,0.54,-48,0,-48
2026-05-16T21:12:47.109,NO_MOTION,0.83,unknown,0.4,0.0,0.42,-48,0,-48
2026-05-16T21:12:47.611,NO_MOTION,0.83,unknown,0.05,0.0,0.42,-48,0,-48
2026-05-16T21:12:48.112,NO_MOTION,0.84,unknown,0.06,0.0,0.39,-48,0,-48
2026-05-16T21:12:48.614,NO_MOTION,0.9,unknown,0.02,0.0,0.25,-47,0,-49
2026-05-16T21:12:49.115,NO_MOTION,0.9,unknown,0.02,0.0,0.24,-47,0,-48
2026-05-16T21:12:49.616,NO_MOTION,0.89,unknown,0.28,0.0,0.04,-47,0,-49
2026-05-16T21:12:50.117,NO_MOTION,0.89,unknown,0.28,0.0,0.04,-47,0,-49
2026-05-16T21:12:50.619,NO_MOTION,0.88,unknown,0.29,0.0,0.07,-47,0,-50
2026-05-16T21:12:51.120,NO_MOTION,0.86,unknown,0.34,0.0,0.12,-49,0,-48
2026-05-16T21:12:51.621,NO_MOTION,0.93,unknown,0.12,0.0,0.18,-48,0,-50
2026-05-16T21:12:52.123,NO_MOTION,0.94,unknown,0.14,0.0,0.13,-48,0,-49
2026-05-16T21:12:52.624,NO_MOTION,0.95,unknown,0.1,0.0,0.12,-48,0,-49
2026-05-16T21:12:53.125,NO_MOTION,0.96,unknown,0.08,0.0,0.11,-49,0,-48
2026-05-16T21:12:53.627,NO_MOTION,0.86,unknown,0.07,0.0,0.34,-48,0,-47
2026-05-16T21:12:54.128,NO_MOTION,0.86,unknown,0.13,0.0,0.35,-48,0,-48
2026-05-16T21:12:54.629,NO_MOTION,0.77,unknown,0.12,0.0,0.58,-48,0,-47
2026-05-16T21:12:55.130,NO_MOTION,0.79,unknown,0.08,0.0,0.53,-48,0,-47
2026-05-16T21:12:55.631,NO_MOTION,0.78,unknown,0.06,0.0,0.56,-48,0,-47
2026-05-16T21:12:56.132,NO_MOTION,0.74,unknown,0.08,0.0,0.65,-47,0,-48
2026-05-16T21:12:56.634,NO_MOTION,0.71,unknown,0.07,0.0,0.73,-46,0,-48
2026-05-16T21:12:57.135,NO_MOTION,0.71,unknown,0.06,0.0,0.72,-47,0,-47
2026-05-16T21:12:57.636,NO_MOTION,0.84,unknown,0.06,0.0,0.39,-47,0,-49
2026-05-16T21:12:58.138,NO_MOTION,0.85,unknown,0.09,0.0,0.38,-48,0,-49
2026-05-16T21:12:58.639,NO_MOTION,0.96,unknown,0.09,0.0,0.07,-49,0,-48
2026-05-16T21:12:59.140,NO_MOTION,0.83,unknown,0.42,0.0,0.07,-49,0,-48
2026-05-16T21:12:59.642,NO_MOTION,0.83,unknown,0.42,0.0,0.08,-49,0,-48
2026-05-16T21:13:00.144,NO_MOTION,0.85,unknown,0.38,0.0,0.3,-46,0,-49
2026-05-16T21:13:00.645,NO_MOTION,0.88,unknown,0.1,0.0,0.31,-47,0,-49
2026-05-16T21:13:01.146,NO_MOTION,0.88,unknown,0.11,0.0,0.31,-48,0,-50
2026-05-16T21:13:01.647,NO_MOTION,0.82,unknown,0.44,0.0,0.08,-48,0,-49
2026-05-16T21:13:02.148,NO_MOTION,0.83,unknown,0.42,0.0,0.34,-47,0,-48
2026-05-16T21:13:02.650,NO_MOTION,0.7,unknown,0.76,0.0,0.52,-47,0,-47
2026-05-16T21:13:03.151,NO_MOTION,0.7,unknown,0.74,0.0,0.52,-47,0,-48
2026-05-16T21:13:03.652,NO_MOTION,0.8,unknown,0.5,0.0,0.51,-47,0,-47
2026-05-16T21:13:04.154,NO_MOTION,0.77,unknown,0.43,0.0,0.57,-47,0,-48
2026-05-16T21:13:04.655,NO_MOTION,0.79,unknown,0.13,0.0,0.52,-47,0,-47
2026-05-16T21:13:05.156,NO_MOTION,0.89,unknown,0.08,0.0,0.28,-48,0,-47
2026-05-16T21:13:05.658,NO_MOTION,0.88,unknown,0.06,0.0,0.31,-48,0,-47
2026-05-16T21:13:06.159,NO_MOTION,0.88,unknown,0.06,0.0,0.29,-48,0,-47
2026-05-16T21:13:06.660,NO_MOTION,0.88,unknown,0.08,0.0,0.31,-47,0,-47
2026-05-16T21:13:07.162,NO_MOTION,0.88,unknown,0.07,0.0,0.31,-47,0,-49
2026-05-16T21:13:07.662,NO_MOTION,0.97,unknown,0.05,0.0,0.08,-48,0,-48
2026-05-16T21:13:08.164,NO_MOTION,0.8,unknown,0.06,0.0,0.51,-48,0,-48
2026-05-16T21:13:08.665,NO_MOTION,0.77,unknown,0.05,0.0,0.57,-46,0,-48
2026-05-16T21:13:09.167,NO_MOTION,0.75,unknown,0.07,0.0,0.62,-47,0,-48
2026-05-16T21:13:09.668,NO_MOTION,0.67,unknown,0.05,0.0,0.82,-46,0,-48
2026-05-16T21:13:10.169,NO_MOTION,0.72,unknown,0.05,0.0,0.7,-47,0,-48
2026-05-16T21:13:10.670,NO_MOTION,0.66,unknown,0.03,0.0,0.85,-47,0,-48
2026-05-16T21:13:11.172,NO_MOTION,0.8,unknown,0.03,0.0,0.49,-47,0,-48
2026-05-16T21:13:11.673,NO_MOTION,0.88,unknown,0.04,0.0,0.3,-46,0,-49
2026-05-16T21:13:12.174,NO_MOTION,0.98,unknown,0.04,0.0,0.05,-47,0,-47
2026-05-16T21:13:12.675,NO_MOTION,0.96,unknown,0.07,0.0,0.1,-48,0,-46
2026-05-16T21:13:13.176,NO_MOTION,0.96,unknown,0.08,0.0,0.1,-47,0,-49
2026-05-16T21:13:13.678,NO_MOTION,0.88,unknown,0.07,0.0,0.29,-47,0,-49
2026-05-16T21:13:14.179,NO_MOTION,0.88,unknown,0.07,0.0,0.3,-47,0,-49
2026-05-16T21:13:14.681,NO_MOTION,0.88,unknown,0.06,0.0,0.29,-47,0,-49
2026-05-16T21:13:15.182,NO_MOTION,0.89,unknown,0.08,0.0,0.27,-48,0,-50
2026-05-16T21:13:15.683,NO_MOTION,0.89,unknown,0.08,0.0,0.27,-48,0,-50
2026-05-16T21:13:16.184,NO_MOTION,0.84,unknown,0.08,0.0,0.4,-46,0,-49
2026-05-16T21:13:16.685,NO_MOTION,0.74,unknown,0.11,0.0,0.64,-46,0,-52
2026-05-16T21:13:17.186,NO_MOTION,0.7,unknown,0.1,0.0,0.74,-49,0,-50
2026-05-16T21:13:17.688,NO_MOTION,0.71,unknown,0.1,0.0,0.72,-47,0,-50
2026-05-16T21:13:18.189,NO_MOTION,0.75,unknown,0.09,0.0,0.63,-46,0,-50
2026-05-16T21:13:18.691,NO_MOTION,0.8,unknown,0.08,0.0,0.49,-47,0,-50
2026-05-16T21:13:19.192,NO_MOTION,0.81,unknown,0.08,0.0,0.47,-48,0,-50
2026-05-16T21:13:19.693,NO_MOTION,0.78,unknown,0.09,0.0,0.56,-48,0,-50
2026-05-16T21:13:20.195,NO_MOTION,0.76,unknown,0.36,0.0,0.59,-46,0,-50
2026-05-16T21:13:20.696,NO_MOTION,0.76,unknown,0.34,0.0,0.59,-46,0,-52
2026-05-16T21:13:21.198,NO_MOTION,0.76,unknown,0.36,0.0,0.59,-46,0,-49
2026-05-16T21:13:21.699,NO_MOTION,0.76,unknown,0.06,0.0,0.6,-46,0,-49
2026-05-16T21:13:22.201,NO_MOTION,0.78,unknown,0.05,0.0,0.56,-47,0,-50
2026-05-16T21:13:22.702,NO_MOTION,0.77,unknown,0.05,0.0,0.58,-47,0,-50
2026-05-16T21:13:23.203,NO_MOTION,0.74,unknown,0.04,0.0,0.66,-46,0,-49
2026-05-16T21:13:23.704,NO_MOTION,0.74,unknown,0.03,0.0,0.64,-46,0,-49
2026-05-16T21:13:24.206,NO_MOTION,0.86,unknown,0.02,0.0,0.36,-45,0,-50
2026-05-16T21:13:24.707,NO_MOTION,0.83,unknown,0.04,0.0,0.42,-48,0,-51
2026-05-16T21:13:25.208,NO_MOTION,0.72,unknown,0.05,0.0,0.7,-47,0,-49
2026-05-16T21:13:25.710,NO_MOTION,0.68,unknown,0.07,0.0,0.79,-48,0,-50
2026-05-16T21:13:26.211,NO_MOTION,0.78,unknown,0.07,0.0,0.54,-49,0,-50
2026-05-16T21:13:26.712,NO_MOTION,0.86,unknown,0.11,0.0,0.35,-47,0,-49
2026-05-16T21:13:27.213,NO_MOTION,0.95,unknown,0.11,0.0,0.13,-48,0,-49
2026-05-16T21:13:27.715,NO_MOTION,0.95,unknown,0.11,0.0,0.12,-48,0,-50
2026-05-16T21:13:28.216,NO_MOTION,0.8,unknown,0.09,0.0,0.5,-47,0,-50
2026-05-16T21:13:28.717,NO_MOTION,0.76,unknown,0.05,0.0,0.61,-46,0,-50
2026-05-16T21:13:29.219,NO_MOTION,0.78,unknown,0.06,0.0,0.55,-48,0,-49
2026-05-16T21:13:29.720,NO_MOTION,0.77,unknown,0.33,0.0,0.58,-48,0,-48
2026-05-16T21:13:30.221,NO_MOTION,0.84,unknown,0.33,0.0,0.39,-47,0,-49
2026-05-16T21:13:30.723,NO_MOTION,0.8,unknown,0.49,0.0,0.39,-47,0,-48
2026-05-16T21:13:31.224,NO_MOTION,0.81,unknown,0.48,0.0,0.09,-47,0,-49
2026-05-16T21:13:31.725,NO_MOTION,0.87,unknown,0.32,0.0,0.09,-48,0,-49
2026-05-16T21:13:32.226,NO_MOTION,0.84,unknown,0.34,0.0,0.4,-48,0,-49
2026-05-16T21:13:32.728,NO_MOTION,0.81,unknown,0.06,0.0,0.48,-48,0,-50
2026-05-16T21:13:33.229,NO_MOTION,0.75,unknown,0.07,0.0,0.62,-48,0,-49
2026-05-16T21:13:33.730,NO_MOTION,0.82,unknown,0.09,0.0,0.46,-48,0,-52
2026-05-16T21:13:34.231,NO_MOTION,0.79,unknown,0.11,0.0,0.53,-47,0,-51
2026-05-16T21:13:34.733,NO_MOTION,0.79,unknown,0.1,0.0,0.53,-47,0,-49
2026-05-16T21:13:35.234,NO_MOTION,0.74,unknown,0.07,0.0,0.64,-47,0,-51
2026-05-16T21:13:35.735,NO_MOTION,0.78,unknown,0.08,0.0,0.55,-48,0,-50
2026-05-16T21:13:36.236,NO_MOTION,0.75,unknown,0.08,0.0,0.62,-48,0,-52
2026-05-16T21:13:36.737,NO_MOTION,0.76,unknown,0.09,0.0,0.61,-46,0,-50
2026-05-16T21:13:37.238,NO_MOTION,0.87,unknown,0.08,0.0,0.33,-47,0,-49
2026-05-16T21:13:37.739,NO_MOTION,0.79,unknown,0.53,0.0,0.53,-47,0,-50
2026-05-16T21:13:38.241,NO_MOTION,0.72,unknown,0.56,0.0,0.69,-48,0,-52
2026-05-16T21:13:38.742,NO_MOTION,0.71,unknown,0.58,0.0,0.73,-47,0,-53
2026-05-16T21:13:39.243,NO_MOTION,0.74,unknown,0.09,0.0,0.66,-46,0,-51
2026-05-16T21:13:39.744,NO_MOTION,0.8,unknown,0.08,0.0,0.49,-45,0,-50
2026-05-16T21:13:40.246,NO_MOTION,0.78,unknown,0.09,0.0,0.56,-49,0,-49
2026-05-16T21:13:40.747,NO_MOTION,0.79,unknown,0.08,0.0,0.53,-48,0,-49
2026-05-16T21:13:41.248,NO_MOTION,0.76,unknown,0.14,0.0,0.6,-48,0,-49
2026-05-16T21:13:41.749,NO_MOTION,0.77,unknown,0.14,0.0,0.58,-46,0,-50
2026-05-16T21:13:42.250,NO_MOTION,0.62,unknown,0.14,0.0,0.94,-48,0,-51
2026-05-16T21:13:42.752,NO_MOTION,0.63,unknown,0.5,0.0,0.93,-46,0,-50
2026-05-16T21:13:43.253,NO_MOTION,0.61,unknown,0.56,0.0,0.97,-46,0,-56
2026-05-16T21:13:43.756,NO_MOTION,0.69,unknown,0.76,0.0,0.78,-45,0,-52
2026-05-16T21:13:44.257,NO_MOTION,0.68,unknown,0.8,0.0,0.73,-46,0,-52
2026-05-16T21:13:44.758,NO_MOTION,0.72,unknown,0.71,0.0,0.56,-45,0,-52
2026-05-16T21:13:45.260,NO_MOTION,0.72,unknown,0.7,0.0,0.51,-45,0,-52
2026-05-16T21:13:45.761,NO_MOTION,0.78,unknown,0.56,0.0,0.34,-45,0,-52
2026-05-16T21:13:46.262,NO_MOTION,0.72,unknown,0.69,0.0,0.5,-45,0,-52
2026-05-16T21:13:46.763,NO_MOTION,0.74,unknown,0.66,0.0,0.56,-46,0,-52
2026-05-16T21:13:47.265,NO_MOTION,0.73,unknown,0.68,0.0,0.62,-46,0,-54
2026-05-16T21:13:47.768,NO_MOTION,0.74,unknown,0.61,0.0,0.64,-45,0,-53
2026-05-16T21:13:48.269,NO_MOTION,0.74,unknown,0.66,0.0,0.54,-45,0,-52
2026-05-16T21:13:48.770,NO_MOTION,0.77,unknown,0.57,0.0,0.55,-45,0,-53
2026-05-16T21:13:49.272,NO_MOTION,0.8,unknown,0.44,0.0,0.5,-46,0,-52
2026-05-16T21:13:49.773,NO_MOTION,0.78,unknown,0.55,0.0,0.46,-46,0,-53
2026-05-16T21:13:50.275,NO_MOTION,0.71,unknown,0.73,0.0,0.37,-47,0,-52
2026-05-16T21:13:50.776,NO_MOTION,0.44,unknown,0.8,0.0,1.4,-46,0,-50
2026-05-16T21:13:51.278,NO_MOTION,0.52,unknown,0.8,0.0,1.21,-46,0,-52
2026-05-16T21:13:51.779,NO_MOTION,0.52,unknown,0.77,0.0,1.19,-46,0,-52
2026-05-16T21:13:52.281,NO_MOTION,0.52,unknown,0.66,0.0,1.19,-46,0,-52
2026-05-16T21:13:52.782,NO_MOTION,0.74,unknown,0.66,0.0,0.02,-46,0,-52
2026-05-16T21:13:53.284,NO_MOTION,0.74,unknown,0.65,0.0,0.02,-46,0,-52
2026-05-16T21:13:53.785,NO_MOTION,0.7,unknown,0.76,0.0,0.05,-45,0,-52
2026-05-16T21:13:54.286,NO_MOTION,0.7,unknown,0.76,0.0,0.62,-45,0,-50
2026-05-16T21:13:54.787,NO_MOTION,0.71,unknown,0.72,0.0,0.61,-46,0,-51
2026-05-16T21:13:55.288,NO_MOTION,0.72,unknown,0.69,0.0,0.54,-45,0,-51
2026-05-16T21:13:55.790,NO_MOTION,0.73,unknown,0.68,0.0,0.35,-45,0,-51
2026-05-16T21:13:56.292,NO_MOTION,0.72,unknown,0.71,0.0,0.03,-45,0,-52
2026-05-16T21:13:56.793,NO_MOTION,0.78,unknown,0.54,0.0,0.04,-46,0,-52
2026-05-16T21:13:57.295,NO_MOTION,0.78,unknown,0.56,0.0,0.03,-46,0,-52
2026-05-16T21:13:57.796,NO_MOTION,0.86,unknown,0.34,0.0,0.05,-45,0,-52
2026-05-16T21:13:58.298,NO_MOTION,0.86,unknown,0.34,0.0,0.07,-46,0,-52
2026-05-16T21:13:58.799,NO_MOTION,0.86,unknown,0.36,0.0,0.06,-46,0,-52
2026-05-16T21:13:59.301,NO_MOTION,0.98,unknown,0.04,0.0,0.04,-46,0,-52
2026-05-16T21:13:59.802,NO_MOTION,0.87,unknown,0.32,0.0,0.21,-45,0,-52
2026-05-16T21:14:00.304,NO_MOTION,0.86,unknown,0.34,0.0,0.32,-45,0,-52
2026-05-16T21:14:00.805,NO_MOTION,0.76,unknown,0.61,0.0,0.34,-45,0,-52
2026-05-16T21:14:01.306,NO_MOTION,0.66,unknown,0.85,0.0,0.41,-46,0,-52
2026-05-16T21:14:01.808,NO_MOTION,0.64,unknown,0.9,0.0,0.37,-46,0,-52
2026-05-16T21:14:02.309,NO_MOTION,0.63,unknown,0.92,0.0,0.36,-45,0,-52
2026-05-16T21:14:02.811,NO_MOTION,0.64,unknown,0.91,0.0,0.47,-45,0,-53
2026-05-16T21:14:03.312,NO_MOTION,0.65,unknown,0.88,0.0,0.57,-46,0,-53
2026-05-16T21:14:03.813,NO_MOTION,0.74,unknown,0.64,0.0,0.57,-46,0,-52
2026-05-16T21:14:04.314,NO_MOTION,0.66,unknown,0.85,0.0,0.7,-46,0,-52
2026-05-16T21:14:04.815,NO_MOTION,0.7,unknown,0.76,0.0,0.73,-46,0,-52
2026-05-16T21:14:05.317,NO_MOTION,0.71,unknown,0.72,0.0,0.67,-46,0,-52
2026-05-16T21:14:05.818,NO_MOTION,0.69,unknown,0.77,0.0,0.53,-46,0,-52
2026-05-16T21:14:06.320,NO_MOTION,0.7,unknown,0.75,0.0,0.55,-46,0,-52
2026-05-16T21:14:06.821,NO_MOTION,0.72,unknown,0.7,0.0,0.42,-46,0,-53
2026-05-16T21:14:07.323,NO_MOTION,0.75,unknown,0.62,0.0,0.41,-46,0,-51
2026-05-16T21:14:07.824,NO_MOTION,0.75,unknown,0.62,0.0,0.43,-46,0,-52
2026-05-16T21:14:08.326,NO_MOTION,0.85,unknown,0.38,0.0,0.19,-46,0,-52
2026-05-16T21:14:08.827,NO_MOTION,0.73,unknown,0.68,0.0,0.12,-46,0,-52
2026-05-16T21:14:09.329,NO_MOTION,0.72,unknown,0.69,0.0,0.04,-46,0,-52
2026-05-16T21:14:09.830,NO_MOTION,0.69,unknown,0.77,0.0,0.19,-46,0,-52
2026-05-16T21:14:10.331,NO_MOTION,0.78,unknown,0.55,0.0,0.33,-46,0,-51
2026-05-16T21:14:10.832,NO_MOTION,0.72,unknown,0.71,0.0,0.32,-46,0,-51
2026-05-16T21:14:11.334,NO_MOTION,0.8,unknown,0.51,0.0,0.32,-46,0,-52
2026-05-16T21:14:11.835,NO_MOTION,0.74,unknown,0.66,0.0,0.05,-46,0,-52
2026-05-16T21:14:12.336,NO_MOTION,0.76,unknown,0.6,0.0,0.05,-46,0,-52
2026-05-16T21:14:12.838,NO_MOTION,0.76,unknown,0.6,0.0,0.06,-46,0,-52
2026-05-16T21:14:13.340,NO_MOTION,0.76,unknown,0.61,0.0,0.04,-46,0,-52
2026-05-16T21:14:13.841,NO_MOTION,0.82,unknown,0.45,0.0,0.04,-46,0,-51
2026-05-16T21:14:14.343,NO_MOTION,0.78,unknown,0.54,0.0,0.05,-45,0,-51
2026-05-16T21:14:14.844,NO_MOTION,0.78,unknown,0.54,0.0,0.05,-45,0,-52
2026-05-16T21:14:15.345,NO_MOTION,0.72,unknown,0.7,0.0,0.03,-45,0,-52
2026-05-16T21:14:15.847,NO_MOTION,0.78,unknown,0.56,0.0,0.04,-46,0,-51
2026-05-16T21:14:16.348,NO_MOTION,0.72,unknown,0.7,0.0,0.06,-46,0,-51
2026-05-16T21:14:16.850,NO_MOTION,0.69,unknown,0.77,0.0,0.06,-45,0,-50
2026-05-16T21:14:17.351,NO_MOTION,0.71,unknown,0.72,0.0,0.04,-45,0,-51
2026-05-16T21:14:17.852,NO_MOTION,0.7,unknown,0.76,0.0,0.05,-45,0,-51
2026-05-16T21:14:18.354,NO_MOTION,0.7,unknown,0.76,0.0,0.06,-44,0,-51
2026-05-16T21:14:18.855,NO_MOTION,0.72,unknown,0.69,0.0,0.06,-44,0,-51
2026-05-16T21:14:19.357,NO_MOTION,0.77,unknown,0.58,0.0,0.04,-44,0,-51
2026-05-16T21:14:19.858,NO_MOTION,0.87,unknown,0.32,0.0,0.06,-45,0,-52
2026-05-16T21:14:20.360,NO_MOTION,0.78,unknown,0.54,0.0,0.06,-45,0,-53
2026-05-16T21:14:20.861,NO_MOTION,0.77,unknown,0.58,0.0,0.06,-45,0,-53
2026-05-16T21:14:21.362,NO_MOTION,0.76,unknown,0.59,0.0,0.09,-45,0,-52
2026-05-16T21:14:21.863,NO_MOTION,0.82,unknown,0.46,0.0,0.25,-45,0,-52
2026-05-16T21:14:22.364,NO_MOTION,0.9,unknown,0.03,0.0,0.25,-46,0,-51
2026-05-16T21:14:22.865,NO_MOTION,0.82,unknown,0.33,0.0,0.46,-45,0,-50
2026-05-16T21:14:23.367,NO_MOTION,0.85,unknown,0.36,0.0,0.38,-45,0,-52
2026-05-16T21:14:23.868,NO_MOTION,0.8,unknown,0.37,0.0,0.51,-45,0,-49
2026-05-16T21:14:24.370,NO_MOTION,0.77,unknown,0.34,0.0,0.57,-45,0,-48
2026-05-16T21:14:24.871,NO_MOTION,0.82,unknown,0.33,0.0,0.44,-44,0,-50
2026-05-16T21:14:25.372,NO_MOTION,0.87,unknown,0.32,0.0,0.27,-45,0,-51
2026-05-16T21:14:25.874,NO_MOTION,0.86,unknown,0.34,0.0,0.27,-45,0,-51
2026-05-16T21:14:26.375,NO_MOTION,0.79,unknown,0.53,0.0,0.28,-45,0,-50
2026-05-16T21:14:26.877,NO_MOTION,0.68,unknown,0.81,0.0,0.14,-45,0,-51
2026-05-16T21:14:27.379,NO_MOTION,0.7,unknown,0.76,0.0,0.34,-45,0,-49
2026-05-16T21:14:27.880,NO_MOTION,0.66,unknown,0.84,0.0,0.56,-45,0,-50
2026-05-16T21:14:28.382,NO_MOTION,0.68,unknown,0.79,0.0,0.62,-45,0,-51
2026-05-16T21:14:28.883,NO_MOTION,0.76,unknown,0.61,0.0,0.48,-45,0,-49
2026-05-16T21:14:29.384,NO_MOTION,0.84,unknown,0.4,0.0,0.18,-45,0,-50
2026-05-16T21:14:29.885,NO_MOTION,0.75,unknown,0.63,0.0,0.14,-45,0,-50
2026-05-16T21:14:30.387,NO_MOTION,0.68,unknown,0.81,0.0,0.44,-45,0,-49
2026-05-16T21:14:30.888,NO_MOTION,0.72,unknown,0.69,0.0,0.39,-45,0,-52
2026-05-16T21:14:31.390,NO_MOTION,0.77,unknown,0.58,0.0,0.44,-45,0,-53
2026-05-16T21:14:31.891,NO_MOTION,0.83,unknown,0.35,0.0,0.42,-45,0,-52
2026-05-16T21:14:32.392,NO_MOTION,0.83,unknown,0.36,0.0,0.43,-45,0,-51
2026-05-16T21:14:32.893,NO_MOTION,0.86,unknown,0.35,0.0,0.24,-45,0,-52
2026-05-16T21:14:33.394,NO_MOTION,0.71,unknown,0.72,0.0,0.71,-49,0,-56
2026-05-16T21:14:33.896,NO_MOTION,0.78,unknown,0.35,0.0,0.56,-47,0,-52
2026-05-16T21:14:34.397,NO_MOTION,0.64,unknown,0.34,0.0,0.91,-47,0,-51
2026-05-16T21:14:34.899,NO_MOTION,0.65,unknown,0.51,0.0,0.87,-47,0,-51
2026-05-16T21:14:35.400,NO_MOTION,0.86,unknown,0.31,0.0,0.36,-47,0,-52
2026-05-16T21:14:35.902,NO_MOTION,0.88,unknown,0.31,0.0,0.22,-46,0,-52
2026-05-16T21:14:36.403,NO_MOTION,0.97,unknown,0.02,0.0,0.08,-47,0,-52
2026-05-16T21:14:36.905,NO_MOTION,0.98,unknown,0.02,0.0,0.05,-47,0,-52
2026-05-16T21:14:37.406,NO_MOTION,0.96,unknown,0.02,0.0,0.11,-46,0,-52
2026-05-16T21:14:37.908,NO_MOTION,0.92,unknown,0.05,0.0,0.19,-48,0,-51
2026-05-16T21:14:38.410,NO_MOTION,0.84,unknown,0.4,0.0,0.27,-49,0,-53
2026-05-16T21:14:38.911,NO_MOTION,0.7,unknown,0.75,0.0,0.38,-53,0,-53
2026-05-16T21:14:39.413,NO_MOTION,0.64,unknown,0.89,0.0,0.28,-53,0,-51
2026-05-16T21:14:39.914,NO_MOTION,0.62,unknown,0.96,0.0,0.24,-53,0,-50
2026-05-16T21:14:40.439,NO_MOTION,0.72,unknown,0.71,0.0,0.09,-53,0,-49
2026-05-16T21:14:40.941,NO_MOTION,0.98,unknown,0.05,0.0,0.05,-53,0,-49
2026-05-16T21:14:41.442,NO_MOTION,0.85,unknown,0.37,0.0,0.04,-53,0,-49
2026-05-16T21:14:41.944,NO_MOTION,0.71,unknown,0.73,0.0,0.03,-54,0,-50
2026-05-16T21:14:42.445,NO_MOTION,0.61,unknown,0.98,0.0,0.03,-53,0,-50
2026-05-16T21:14:42.946,NO_MOTION,0.75,unknown,0.63,0.0,0.04,-51,0,-50
2026-05-16T21:14:43.448,NO_MOTION,0.72,unknown,0.7,0.0,0.05,-51,0,-50
2026-05-16T21:14:43.949,NO_MOTION,0.72,unknown,0.7,0.0,0.05,-50,0,-50
2026-05-16T21:14:44.450,NO_MOTION,0.73,unknown,0.68,0.0,0.04,-51,0,-50
2026-05-16T21:14:44.952,NO_MOTION,0.86,unknown,0.36,0.0,0.03,-51,0,-50
2026-05-16T21:14:45.453,NO_MOTION,0.84,unknown,0.4,0.0,0.01,-50,0,-50
2026-05-16T21:14:45.954,NO_MOTION,0.75,unknown,0.62,0.0,0.01,-51,0,-50
2026-05-16T21:14:46.456,NO_MOTION,0.69,unknown,0.78,0.0,0.06,-51,0,-50
2026-05-16T21:14:46.958,NO_MOTION,0.67,unknown,0.82,0.0,0.06,-51,0,-50
2026-05-16T21:14:47.459,NO_MOTION,0.7,unknown,0.76,0.0,0.08,-50,0,-49
2026-05-16T21:14:47.960,NO_MOTION,0.73,unknown,0.68,0.0,0.07,-50,0,-49
2026-05-16T21:14:48.462,NO_MOTION,0.77,unknown,0.58,0.0,0.06,-51,0,-49
2026-05-16T21:14:48.989,NO_MOTION,0.84,unknown,0.4,0.0,0.07,-50,0,-49
2026-05-16T21:14:49.490,NO_MOTION,0.72,unknown,0.69,0.0,0.05,-50,0,-49
2026-05-16T21:14:49.991,NO_MOTION,0.67,unknown,0.83,0.0,0.05,-50,0,-49
2026-05-16T21:14:50.493,NO_MOTION,0.62,unknown,0.95,0.0,0.07,-45,0,-51
2026-05-16T21:14:50.995,NO_MOTION,0.6,unknown,1.0,0.0,0.34,-44,0,-52
2026-05-16T21:14:51.496,NO_MOTION,0.6,unknown,0.99,0.0,0.34,-46,0,-50
2026-05-16T21:14:51.998,NO_MOTION,0.77,unknown,0.57,0.0,0.33,-45,0,-50
2026-05-16T21:14:52.499,NO_MOTION,0.76,unknown,0.6,0.0,0.27,-45,0,-50
2026-05-16T21:14:53.000,NO_MOTION,0.76,unknown,0.59,0.0,0.04,-45,0,-49
2026-05-16T21:14:53.501,NO_MOTION,0.96,unknown,0.1,0.0,0.02,-45,0,-50
2026-05-16T21:14:54.003,NO_MOTION,0.97,unknown,0.08,0.0,0.04,-45,0,-49
2026-05-16T21:14:54.505,NO_MOTION,0.87,unknown,0.33,0.0,0.05,-45,0,-48
2026-05-16T21:14:55.006,NO_MOTION,0.87,unknown,0.33,0.0,0.06,-45,0,-48
2026-05-16T21:14:55.508,NO_MOTION,0.81,unknown,0.48,0.0,0.05,-45,0,-47
2026-05-16T21:14:56.009,NO_MOTION,0.87,unknown,0.32,0.0,0.29,-45,0,-48
2026-05-16T21:14:56.511,NO_MOTION,0.86,unknown,0.34,0.0,0.28,-45,0,-48
2026-05-16T21:14:57.012,NO_MOTION,0.86,unknown,0.35,0.0,0.29,-45,0,-48
2026-05-16T21:14:57.513,NO_MOTION,0.98,unknown,0.04,0.0,0.04,-45,0,-48
2026-05-16T21:14:58.014,NO_MOTION,0.86,unknown,0.34,0.0,0.04,-45,0,-48
2026-05-16T21:14:58.516,NO_MOTION,0.69,unknown,0.78,0.0,0.04,-45,0,-47
2026-05-16T21:14:59.018,NO_MOTION,0.65,unknown,0.87,0.0,0.05,-46,0,-48
2026-05-16T21:14:59.519,NO_MOTION,0.6,unknown,1.01,0.0,0.07,-46,0,-49
2026-05-16T21:15:00.021,NO_MOTION,0.63,unknown,0.93,0.0,0.09,-46,0,-50
2026-05-16T21:15:00.522,NO_MOTION,0.63,unknown,0.92,0.0,0.1,-45,0,-50
2026-05-16T21:15:01.023,NO_MOTION,0.72,unknown,0.69,0.0,0.06,-45,0,-50
2026-05-16T21:15:01.524,NO_MOTION,0.71,unknown,0.73,0.0,0.05,-45,0,-50
2026-05-16T21:15:02.025,NO_MOTION,0.54,unknown,1.14,0.0,0.04,-46,0,-50
2026-05-16T21:15:02.526,NO_MOTION,0.55,unknown,1.13,0.0,0.05,-46,0,-50
2026-05-16T21:15:03.027,NO_MOTION,0.51,unknown,1.22,0.0,0.05,-46,0,-50
2026-05-16T21:15:03.529,NO_MOTION,0.69,unknown,0.77,0.0,0.07,-46,0,-51
2026-05-16T21:15:04.030,NO_MOTION,0.75,unknown,0.62,0.0,0.08,-46,0,-50
2026-05-16T21:15:04.531,NO_MOTION,0.75,unknown,0.63,0.0,0.09,-46,0,-49
2026-05-16T21:15:05.033,NO_MOTION,0.72,unknown,0.71,0.0,0.07,-46,0,-49
2026-05-16T21:15:05.534,NO_MOTION,0.72,unknown,0.71,0.0,0.05,-46,0,-50
2026-05-16T21:15:06.036,NO_MOTION,0.72,unknown,0.69,0.0,0.04,-46,0,-50
2026-05-16T21:15:06.537,NO_MOTION,0.65,unknown,0.87,0.0,0.05,-45,0,-51
2026-05-16T21:15:07.039,NO_MOTION,0.56,unknown,1.11,0.0,0.36,-44,0,-49
2026-05-16T21:15:07.540,NO_MOTION,0.65,unknown,0.88,0.0,0.35,-49,0,-51
2026-05-16T21:15:08.042,NO_MOTION,0.63,unknown,0.92,0.0,0.37,-47,0,-50
2026-05-16T21:15:08.543,NO_MOTION,0.78,unknown,0.55,0.0,0.14,-48,0,-51
2026-05-16T21:15:09.045,NO_MOTION,0.75,unknown,0.63,0.0,0.14,-46,0,-50
2026-05-16T21:15:09.546,NO_MOTION,0.72,unknown,0.71,0.0,0.28,-48,0,-48
2026-05-16T21:15:10.048,NO_MOTION,0.73,unknown,0.67,0.0,0.23,-45,0,-47
2026-05-16T21:15:10.549,NO_MOTION,0.9,unknown,0.26,0.0,0.13,-45,0,-50
2026-05-16T21:15:11.050,NO_MOTION,0.91,unknown,0.23,0.0,0.09,-43,0,-50
2026-05-16T21:15:11.552,NO_MOTION,0.88,unknown,0.07,0.0,0.29,-47,0,-51
2026-05-16T21:15:12.053,NO_MOTION,0.79,unknown,0.3,0.0,0.52,-46,0,-49
2026-05-16T21:15:12.554,NO_MOTION,0.61,unknown,0.69,0.0,0.98,-45,0,-50
2026-05-16T21:15:13.056,NO_MOTION,0.63,unknown,0.67,0.0,0.92,-46,0,-53
2026-05-16T21:15:13.558,NO_MOTION,0.7,unknown,0.6,0.0,0.75,-46,0,-52
2026-05-16T21:15:14.059,NO_MOTION,0.82,unknown,0.36,0.0,0.44,-46,0,-51
2026-05-16T21:15:14.561,NO_MOTION,0.86,unknown,0.36,0.0,0.16,-46,0,-52
2026-05-16T21:15:15.062,NO_MOTION,0.73,unknown,0.68,0.0,0.09,-46,0,-52
2026-05-16T21:15:15.564,NO_MOTION,0.67,unknown,0.82,0.0,0.06,-46,0,-52
2026-05-16T21:15:16.065,NO_MOTION,0.8,unknown,0.5,0.0,0.04,-46,0,-52
2026-05-16T21:15:16.566,NO_MOTION,0.78,unknown,0.56,0.0,0.27,-45,0,-52
2026-05-16T21:15:17.067,NO_MOTION,0.73,unknown,0.68,0.0,0.28,-46,0,-52
2026-05-16T21:15:17.568,NO_MOTION,0.86,unknown,0.34,0.0,0.32,-46,0,-51
2026-05-16T21:15:18.070,NO_MOTION,0.88,unknown,0.31,0.0,0.28,-46,0,-52
2026-05-16T21:15:18.571,NO_MOTION,0.8,unknown,0.49,0.0,0.27,-46,0,-52
2026-05-16T21:15:19.072,NO_MOTION,0.69,unknown,0.78,0.0,0.35,-46,0,-53
2026-05-16T21:15:19.573,NO_MOTION,0.75,unknown,0.63,0.0,0.35,-48,0,-53
2026-05-16T21:15:20.074,NO_MOTION,0.78,unknown,0.46,0.0,0.56,-49,0,-51
2026-05-16T21:15:20.576,NO_MOTION,0.76,unknown,0.41,0.0,0.59,-50,0,-53
2026-05-16T21:15:21.078,NO_MOTION,0.75,unknown,0.37,0.0,0.63,-48,0,-53
2026-05-16T21:15:21.579,NO_MOTION,0.72,unknown,0.39,0.0,0.7,-46,0,-52
2026-05-16T21:15:22.081,NO_MOTION,0.68,unknown,0.8,0.0,0.71,-47,0,-52
2026-05-16T21:15:22.582,NO_MOTION,0.7,unknown,0.75,0.0,0.49,-46,0,-51
2026-05-16T21:15:23.083,NO_MOTION,0.68,unknown,0.8,0.0,0.43,-46,0,-51
2026-05-16T21:15:23.585,NO_MOTION,0.71,unknown,0.72,0.0,0.34,-46,0,-52
2026-05-16T21:15:24.086,NO_MOTION,0.7,unknown,0.76,0.0,0.46,-45,0,-51
2026-05-16T21:15:24.587,NO_MOTION,0.7,unknown,0.75,0.0,0.38,-46,0,-51
2026-05-16T21:15:25.089,NO_MOTION,0.69,unknown,0.78,0.0,0.59,-47,0,-49
2026-05-16T21:15:25.590,NO_MOTION,0.71,unknown,0.73,0.0,0.52,-47,0,-49
2026-05-16T21:15:26.091,NO_MOTION,0.73,unknown,0.68,0.0,0.66,-44,0,-48
2026-05-16T21:15:26.592,NO_MOTION,0.72,unknown,0.69,0.0,0.47,-45,0,-49
2026-05-16T21:15:27.093,NO_MOTION,0.76,unknown,0.46,0.0,0.59,-45,0,-52
2026-05-16T21:15:27.595,NO_MOTION,0.82,unknown,0.44,0.0,0.37,-45,0,-52
2026-05-16T21:15:28.096,NO_MOTION,0.76,unknown,0.05,0.0,0.61,-45,0,-52
2026-05-16T21:15:28.597,NO_MOTION,0.74,unknown,0.36,0.0,0.66,-45,0,-52
2026-05-16T21:15:29.099,NO_MOTION,0.7,unknown,0.74,0.0,0.61,-44,0,-52
2026-05-16T21:15:29.600,NO_MOTION,0.72,unknown,0.71,0.0,0.54,-44,0,-52
2026-05-16T21:15:30.101,NO_MOTION,0.76,unknown,0.59,0.0,0.43,-44,0,-52
2026-05-16T21:15:30.603,NO_MOTION,0.82,unknown,0.02,0.0,0.44,-45,0,-51
2026-05-16T21:15:31.104,NO_MOTION,0.77,unknown,0.02,0.0,0.58,-45,0,-51
2026-05-16T21:15:31.606,NO_MOTION,0.74,unknown,0.02,0.0,0.64,-45,0,-51
2026-05-16T21:15:32.107,NO_MOTION,0.8,unknown,0.25,0.0,0.49,-45,0,-51
2026-05-16T21:15:32.609,NO_MOTION,0.74,unknown,0.65,0.0,0.38,-45,0,-51
2026-05-16T21:15:33.111,NO_MOTION,0.74,unknown,0.65,0.0,0.24,-45,0,-51
2026-05-16T21:15:33.612,NO_MOTION,0.84,unknown,0.4,0.0,0.06,-44,0,-51
2026-05-16T21:15:34.113,NO_MOTION,0.9,unknown,0.03,0.0,0.25,-45,0,-51
2026-05-16T21:15:34.614,NO_MOTION,0.83,unknown,0.3,0.0,0.43,-45,0,-51
2026-05-16T21:15:35.115,NO_MOTION,0.79,unknown,0.47,0.0,0.52,-45,0,-51
2026-05-16T21:15:35.616,NO_MOTION,0.73,unknown,0.44,0.0,0.67,-45,0,-50
2026-05-16T21:15:36.118,NO_MOTION,0.72,unknown,0.71,0.0,0.7,-45,0,-51
2026-05-16T21:15:36.619,NO_MOTION,0.62,unknown,0.94,0.0,0.59,-45,0,-47
2026-05-16T21:15:37.120,NO_MOTION,0.67,unknown,0.82,0.0,0.54,-45,0,-49
2026-05-16T21:15:37.622,NO_MOTION,0.77,unknown,0.58,0.0,0.53,-45,0,-48
2026-05-16T21:15:38.123,NO_MOTION,0.77,unknown,0.58,0.0,0.07,-44,0,-48
2026-05-16T21:15:38.624,NO_MOTION,0.78,unknown,0.56,0.0,0.06,-45,0,-48
2026-05-16T21:15:39.125,NO_MOTION,0.84,unknown,0.41,0.0,0.04,-45,0,-49
2026-05-16T21:15:39.627,NO_MOTION,0.84,unknown,0.39,0.0,0.21,-45,0,-50
2026-05-16T21:15:40.128,NO_MOTION,0.84,unknown,0.41,0.0,0.2,-46,0,-50
2026-05-16T21:15:40.630,NO_MOTION,0.74,unknown,0.65,0.0,0.16,-45,0,-50
2026-05-16T21:15:41.131,NO_MOTION,0.72,unknown,0.71,0.0,0.02,-46,0,-50
2026-05-16T21:15:41.632,NO_MOTION,0.78,unknown,0.54,0.0,0.02,-45,0,-50
2026-05-16T21:15:42.133,NO_MOTION,0.78,unknown,0.54,0.0,0.03,-46,0,-50
2026-05-16T21:15:42.635,NO_MOTION,0.86,unknown,0.34,0.0,0.31,-46,0,-50
2026-05-16T21:15:43.136,NO_MOTION,0.88,unknown,0.03,0.0,0.31,-46,0,-50
